bone,species,side,fish,n_lm,proc_dist,centroid,LM1_X,LM1_Y,LM1_Z,LM2_X,LM2_Y,LM2_Z,LM3_X,LM3_Y,LM3_Z,LM4_X,LM4_Y,LM4_Z,LM5_X,LM5_Y,LM5_Z,LM6_X,LM6_Y,LM6_Z,LM7_X,LM7_Y,LM7_Z,LM8_X,LM8_Y,LM8_Z,LM9_X,LM9_Y,LM9_Z,LM10_X,LM10_Y,LM10_Z,LM11_X,LM11_Y,LM11_Z,LM12_X,LM12_Y,LM12_Z
Clavicle,Acipenser baerii,L,1,12,0.19041201509421463,70.56423015515853,-0.035505754818937876,-0.10591085227793359,-0.11027116294291969,-0.14381661343855037,-0.05006100851103905,-0.20627473004567978,-0.5329586378686105,-0.16332031277294218,0.2097525360106899,-0.0776691838414174,-0.12700204841196922,0.13125300344057314,0.2736938192679316,-0.07430103478951709,0.06010063992687901,0.20049823225633814,-0.07151536071528213,-0.041673089964105285,0.2896608095971833,-0.02154818599992379,-0.13858450338088577,0.10276239644644741,0.004671057452657585,-0.0284963842051089,0.18143208150261886,0.16116080233432567,0.11712214229545727,0.014083745454239792,0.17711427614769648,0.0985191915035902,-0.12451075566142446,0.28090121502450965,0.0867131085827973,-0.14767013889581854,-0.01018854748058235,-0.17816075122128755
Clavicle,Acipenser baerii,R,1,12,0.1835461343530287,75.35399835796058,-0.02448621957490416,-0.08082231542214859,-0.09493280773301703,-0.1756939266283299,-0.02575485382906175,-0.21022200537137173,-0.5548595066783366,-0.18845953891340791,0.17671313593332738,-0.02078376974356474,-0.10957271138068264,0.12269012827785639,0.30068431472215473,-0.03924909090711399,0.03576639144718724,0.21751648610259824,-0.05447309978087034,-0.0345340763495378,0.26479800371561285,-0.12472632831359826,-0.11538703556642149,0.09957916602962895,0.0103481477489107,-0.03562556658991119,0.17341891840232954,0.1489812120402297,0.11565058463669538,0.008696719983511788,0.17409946768395662,0.0972768604701089,-0.1403264355712774,0.287467349094662,0.07004807975351238,-0.14854375075942333,0.0021617619791245695,-0.12744368890842814
Clavicle,Acipenser gueldenstaedtii,L,1,12,0.09511330036229766,48.65803897291848,-0.03662944482606947,-0.1220546359411904,-0.11605849532285213,-0.2186911231289956,-0.008868405136440601,-0.17154081456271925,-0.4606506651667002,-0.16795528560606826,0.14287762089734204,-0.06686707528764275,-0.12179402254750993,0.14018405156251285,0.3207186013936908,-0.08606196122869056,0.042588003406777736,0.21134381468720417,-0.08070155400651524,-0.05063061081678432,0.2644740244797326,-0.03538551391311911,-0.08514267211464806,0.13648007095519957,-0.02834083644014288,-0.015590134609759719,0.20804302296648403,0.12053055511321323,0.10511740836961372,0.008814175116609875,0.20804581033382236,0.09389816496685892,-0.20207217123068705,0.33767154922620035,0.06258338308969488,-0.16496322995882542,-0.015085699853559117,-0.14828590486603688
Clavicle,Acipenser gueldenstaedtii,L,2,12,0.12893569219071813,43.08591005397965,-0.03646610894393193,-0.1214598980428988,-0.1336912666128661,-0.172732910373667,-0.008491865470310372,-0.16335957927174316,-0.44531646606178293,-0.14874899623414406,0.1533254378155203,-0.07753057373742729,-0.12953331446167166,0.1305427305071141,0.32358030347867994,-0.09128559114112345,0.02553031181059049,0.2360390184871044,-0.09627672830495004,-0.056029843325887375,0.2606174289714099,-0.07435827595317972,-0.07939748453796222,0.13880065790047758,-0.017406494730004607,0.005742897120187408,0.18183332705576272,0.13955301423015776,0.09023383570269908,0.0047047830359148585,0.1786449293058772,0.08297497140906317,-0.26553333527349693,0.36029787370863015,0.07486999305138854,-0.14799612453904343,0.009065347093617821,-0.13074200366810432
Clavicle,Acipenser gueldenstaedtii,L,3,12,0.12342864757363975,53.10441426561055,-0.034740618337718736,-0.10816332462497542,-0.11592044465659712,-0.18374239736693343,-0.014049032006323315,-0.17825030670239486,-0.47104792795751643,-0.14188378956871772,0.15023180797869917,-0.04813459531561222,-0.11138535947082305,0.1481014034715223,0.3007896821157882,-0.0741354434728567,0.025026956953725074,0.2323341236958287,-0.0902626659173371,-0.037854308503023903,0.27341655015477917,-0.06183239737464134,-0.09000533711814557,0.1263224948440276,-0.0540111615672485,-0.04361315025260513,0.18135887212329413,0.14293075437114464,0.1001216477649507,0.018631596426455312,0.19864592368583192,0.12042043820316428,-0.23502853540426336,0.32759195622745346,0.08327229061918001,-0.160159244978129,-0.013445460281506965,-0.16153099775847504
Clavicle,Acipenser gueldenstaedtii,L,4,12,0.07003300764875767,41.91237529283484,-0.0166848144781675,-0.10644354859442821,-0.11055077077619403,-0.21053708887663578,-0.011320160895565179,-0.1627088239481468,-0.4660595732460412,-0.1646765175512371,0.13992861327294695,-0.07088050668707434,-0.125147331306745,0.1276064953727933,0.32984408500805745,-0.09593003200266761,0.045439622303376316,0.21323589876243343,-0.09203120290988417,-0.04248104375598404,0.2694812730368482,-0.055843394521161334,-0.10315190939962798,0.1272109981483742,0.004513491720891602,0.0059469737088319015,0.21160793937150763,0.13866682718931178,0.0950350473009216,0.016525372550402217,0.18033972196146542,0.08430729761907294,-0.22285357722101656,0.32822485081782454,0.059634468585215115,-0.18089000636868707,-0.00035270390780475194,-0.13900597028320544
Clavicle,Acipenser gueldenstaedtii,L,5,12,0.14513099267099802,74.8030761608653,-0.017354506316961005,-0.12606507444457155,-0.10528488835185956,-0.20285684919197483,-0.045112469310783575,-0.15867741398790816,-0.5370724931870153,-0.12672479946147266,0.13655989290944062,-0.037883130844654604,-0.0863528383938834,0.13865060089862663,0.3346818127285966,-0.07650434002360253,0.02296409802179649,0.24835861058141617,-0.06187598164182696,-0.06532498038218011,0.27611984027240005,-0.0057748493095256415,-0.0961821602310577,0.11882328718630356,-0.008536627250201712,-0.029275646142186043,0.1867594828041596,0.11135023996073608,0.12514637776850443,-0.01987969059629638,0.1377933960355977,0.11188802760200778,-0.15327399273939624,0.2988730225958872,0.045618259858326994,-0.19642237069657711,-0.01106967875635301,-0.12608216796351124
Clavicle,Acipenser gueldenstaedtii,L,6,12,0.17856388406357399,81.02770188959822,-0.0448343113379374,-0.07226986291897701,-0.11060946142681585,-0.15393336229876692,-0.0077992621697913584,-0.16215739946662544,-0.4980969286894497,-0.1886066507828528,0.1387870800955734,-0.0688484283148966,-0.13715047269752287,0.14061914222800354,0.35191854884450957,-0.11224301440086892,0.0006773416334705347,0.2291792306087287,-0.09139279576155654,-0.06665427511094703,0.2543893025281448,-0.052873672786427045,-0.10509435980043016,0.10756073692345068,-0.0255887035623326,0.013619418783276906,0.16756593395565075,0.14867749619474172,0.10604176945595106,0.011322783568959983,0.16516659125064925,0.10358562019219522,-0.22731272641976932,0.34707229679140333,-0.010428351939240613,-0.1289107793686248,0.02700805084353483,-0.0483865246444119
Clavicle,Acipenser gueldenstaedtii,L,8,12,0.14307262555304825,124.0772824358983,-0.028342684835995273,-0.08916593813062942,-0.13331552909725533,-0.24425682848123673,-0.011410081783573068,-0.16326695027960983,-0.41805636573704424,-0.18686931179082203,0.1582884091512822,-0.06397873192165549,-0.16213867788254663,0.12153609180644186,0.31670258208543434,-0.09375154263952064,0.04958475258728029,0.20413958615621794,-0.10194313894361505,-0.04400807530818558,0.25149989902725206,-0.05495027682751807,-0.08305812256443369,0.12723286682554005,-0.029154218042482073,-0.019307326213499905,0.1710814840352728,0.1807331446780658,0.13044526721040794,-0.0012044667271658613,0.17806857007271998,0.10034034259142784,-0.16159541067564684,0.39128137769671884,0.04206389163951094,-0.1532219297509728,-0.02069990640679766,-0.15930275152336673
Clavicle,Acipenser gueldenstaedtii,R,1,12,0.10342267915903544,48.696234268667894,-0.05578237489022041,-0.12792918887104482,-0.10190462084105116,-0.2172172644828671,-0.011472777736414743,-0.18347913583200307,-0.4682933998179365,-0.17827039224062338,0.15092185433709943,-0.07994650029269863,-0.11627675343121101,0.11764507758154642,0.3207140341497546,-0.06989301733280456,0.048675570196144595,0.2178235239007918,-0.06381789822530233,-0.04301605275026568,0.2682787708561534,-0.03584392086273181,-0.09314424651903783,0.12239254362938023,-0.011945721442014598,-0.008962248102767618,0.22098200685881855,0.10871414804841839,0.10647630589077184,0.02511250866113096,0.19488858498921086,0.1008443548420686,-0.1790008023808464,0.33381912930954644,0.05575821346373856,-0.17506304619146074,-0.02197219220502846,-0.14981507226624413
Clavicle,Acipenser gueldenstaedtii,R,2,12,0.1764146697932396,42.07376739753138,-0.04836026706031382,-0.12208757646250694,-0.11677260938559555,-0.1736671961472774,0.0037523207986174065,-0.18188670142906627,-0.4415802904010251,-0.16251472504772133,0.13621767346005223,-0.05826492039466192,-0.12585784526662036,0.12550699188336265,0.3289180616450289,-0.07937364047490539,0.019088144447315967,0.24044972486752444,-0.07775333935894597,-0.062130901695721594,0.27809973252887066,-0.05353210090319591,-0.09859245291792851,0.07372328593570145,-0.09339342687257317,0.09932733744676354,0.19792773525490026,0.14843494563897336,0.06560553801538352,0.00013166837929935377,0.1879903598570244,0.07498175652375541,-0.22890942328233424,0.3568860342188933,0.06309370759203681,-0.16846811132571177,0.01744899387296066,-0.12443848394035832
Clavicle,Acipenser gueldenstaedtii,R,3,12,0.10259442324933672,53.426476421703775,-0.033046662521715994,-0.11153412083679054,-0.09931469612900454,-0.202601460460232,-0.007594566930713943,-0.18494351412493817,-0.45428326725036855,-0.1559207243802864,0.14948381243815836,-0.08290897383021148,-0.12540453997633152,0.13919381741370324,0.299867309001216,-0.07522279758384474,0.040931029729613676,0.2381496084049668,-0.08947965290713247,-0.048900279161875004,0.2742074931635268,-0.06000627448710446,-0.0965493977467327,0.14090659589029253,-0.021666456211259778,-0.0068581955505203265,0.196452319866606,0.1258481919856758,0.07771560404635737,0.024872035232407313,0.18371600334108734,0.10624791951787983,-0.24102111258342518,0.33921291974620643,0.07417825789820195,-0.16059388491306284,-0.001947981759505511,-0.15118435833084345
Clavicle,Acipenser gueldenstaedtii,R,4,12,0.09180639286341198,41.76136458614936,-0.06626797678909771,-0.13916803148758455,-0.10751703527998988,-0.21723990734340776,-0.010435258615300797,-0.171593301474042,-0.44344670971198463,-0.17061896927037068,0.13391266110690805,-0.04668374309302148,-0.12035961713275788,0.1263209190672303,0.3272750554105555,-0.10457857578988142,0.051599383271974164,0.2183672015960701,-0.097411242081775,-0.05427671773775198,0.26546741218962494,-0.0452516423386564,-0.09329527832213907,0.12670807886399557,-0.005345218692162872,0.012437577529630789,0.19556638136349216,0.16129469941869523,0.10673777893364568,0.02647337837232163,0.18936462113113844,0.09280898797128354,-0.20693971083118703,0.33117636687555285,0.058707329849978424,-0.17927946002736186,0.01133286798310312,-0.15584230491672793
Clavicle,Acipenser gueldenstaedtii,R,5,12,0.14577249477821216,74.31160067392453,-0.004186023314323549,-0.11487513829262364,-0.10614542644600862,-0.22363271630855266,-0.03148406715327523,-0.1641212684458417,-0.5295249087710903,-0.14072937056286852,0.14245148347489067,-0.01833161301167509,-0.07237727798358136,0.13488449182699153,0.31736525886538147,-0.07806061061027189,0.01796804315470205,0.2390152488099625,-0.06689845021937596,-0.053347339568576804,0.27701780602201576,-0.012311073615824002,-0.09454131694229267,0.11640051380346433,-0.005429383961968582,-0.023656181903984445,0.1998959855749619,0.09614981825647899,0.13901265774511962,-0.012538543044164746,0.14517190699207733,0.10770452197502652,-0.16298805146863693,0.30476238899976754,0.039246708784452196,-0.19849295715734305,-0.023918741848534618,-0.13945637365447863
Clavicle,Acipenser gueldenstaedtii,R,6,12,0.11764867582308443,75.4447573325458,-0.02438637595855308,-0.08554932861226486,-0.10833257884067893,-0.19576906641565067,-0.006695732887707627,-0.16202473016419638,-0.5286278583749464,-0.18143392840903302,0.14410168277468274,-0.0373516637710817,-0.10201218024029883,0.1529135216430556,0.3419517732900846,-0.09505767828785051,0.037084599445272,0.2240302926903942,-0.08444221824514538,-0.05221542134555975,0.2730550088947133,-0.05790341745128427,-0.09242995555979833,0.08877585093916629,-0.005163847170274898,0.0035842660993343723,0.18132060988481608,0.18699558317201795,0.09131208782199378,0.008192469779868925,0.1140601287884764,0.05036999279799848,-0.1671426964213502,0.31016641780611437,0.06950313296643135,-0.16404834453746123,0.007036201537250691,-0.13386659763853462
Clavicle,Acipenser gueldenstaedtii,R,7,12,0.14648370920859916,137.7299179548582,-0.023811628559004667,-0.08963499366833147,-0.13257524645369287,-0.2269628482478877,-0.005043388674587787,-0.17724439026282104,-0.3960583705187147,-0.16895660616850644,0.15619448060237365,-0.0745481970612721,-0.1590208116159827,0.11776126952882823,0.29329498469528864,-0.09251633042070206,0.06509741522797181,0.254301209676736,-0.10501091997262776,-0.008386673777096607,0.26498814376231955,-0.09033345844629681,-0.08727651551725057,0.15210680236174548,-0.02372219541067284,-0.033630144961737524,0.17309699688740657,0.17759760456699258,0.08076348069195681,0.0018322463917035516,0.1804869598477632,0.10161202234003737,-0.21100625426751116,0.3542198040204441,0.06654375451186288,-0.20723308512080982,0.021934335942508088,-0.14885945193043224
Clavicle,Acipenser gueldenstaedtii,R,8,12,0.15026012772727182,122.94273408781802,-0.024840020528819447,-0.0996554501815249,-0.1232483693590466,-0.23200406142047147,-0.030509114306118724,-0.17970767304518018,-0.41476791356994375,-0.1807411502169373,0.1464399817820648,-0.0934623844775722,-0.15397525413375068,0.1217500696779988,0.32874562042137195,-0.10255132175372376,0.0732419396961331,0.19477024909657056,-0.10013713176435757,-0.053032059510089144,0.2470534331908809,-0.04180455947009354,-0.06890526513382023,0.13165283752480722,-0.012705897798645003,-0.028048709541092596,0.21273352993873465,0.17145996335567942,0.10362231497141008,-0.019844613760401565,0.21724282589085345,0.07070927370010247,-0.15152259466377643,0.35804837234042897,0.09038937400113206,-0.17851408175138053,-0.02467128196181049,-0.15321087723961263
Clavicle,Acipenser ruthenus,L,1,12,0.19474569545056203,72.4970325066724,0.0069478617414753955,-0.09416620425749515,-0.13117024755078646,-0.1941237480043636,-0.029058598747203814,-0.1728839734836144,-0.4909872012454887,-0.1333319580032936,0.17326326371446585,-0.07277148125942505,-0.12824939940614935,0.16893267566326647,0.329690655444544,-0.1356221712193036,0.05112575981670152,0.25338721376145945,-0.08801087015728791,-0.09017587973720896,0.27705063217674936,-0.05640077841815006,-0.10637752820821823,0.10465330856629648,0.05824276069107064,0.031027337592601408,0.07273709429235373,0.14429485695147382,0.07465128865549045,0.03809288031586869,0.16664712592607175,0.06930129844370642,-0.1930316938086007,0.3034969165508302,0.09882165178510231,-0.13164552198086882,-0.007841679910562987,-0.16651564669150667
Clavicle,Acipenser ruthenus,L,2,12,0.1411401270164779,45.653715307521395,-0.026117265799201397,-0.12215668268055004,-0.1251959586587751,-0.1763154617250093,-0.02037643739324893,-0.17789914680871216,-0.5157209064219638,-0.15379095837251525,0.17570686220283857,-0.07393166371991207,-0.11495259318914255,0.1574523146546325,0.3423981786956919,-0.051019630796512706,0.012872620195852426,0.2168427700980423,-0.0838881821313243,-0.0651719775758818,0.2601643354495433,-0.05494294939102812,-0.1095843589834937,0.10936774371965549,-0.010703057293171503,-0.012293298529151762,0.13338650532922355,0.14787411106309517,0.14216241946259145,0.022205692777776707,0.15588323332360784,0.10359907575813483,-0.15919515065323328,0.3178375223466116,0.05786235180692949,-0.13308477775061386,-0.009764375485821286,-0.15951090352496441
Clavicle,Acipenser ruthenus,L,3,12,0.13838250059753868,53.42845029777737,-0.01676724451150528,-0.10597998985464668,-0.1353059300408075,-0.18799017690666275,-0.006349997054595018,-0.19477582732190377,-0.4907071207562773,-0.18676704485656773,0.18466258719200832,-0.07728803825694741,-0.11044747960373529,0.1790607332308069,0.32592656358792377,-0.0766912742909441,0.021247172795023254,0.21880461519734443,-0.08777783984508378,-0.04080548363072731,0.235283555669603,-0.054706567873007976,-0.09802176949153425,0.1156495289904911,-0.003944466528772241,0.004177461728042195,0.16469480315602414,0.17435607436247974,0.11440581732531205,0.0322607288164454,0.1413831704206181,0.11069890529728439,-0.15338161881425097,0.3006698566160392,0.04838000005546725,-0.16648559617218808,0.016255558508215747,-0.19372366713897138
Clavicle,Acipenser ruthenus,L,4,12,0.09691367937794242,53.6682772718079,-0.04437670400347655,-0.09962976231330077,-0.1227009013165218,-0.20290886432245084,-0.009619386970329227,-0.17532703844064973,-0.4977806139533467,-0.1720142801572421,0.1522289754018118,-0.05563113219516435,-0.11099699475846146,0.13618686790095424,0.33333902825579187,-0.09824614041943962,0.045276932910235816,0.2523972090870786,-0.09333330484393891,-0.03833048629879831,0.2846990747031587,-0.06198043649619772,-0.0984406746341663,0.10652738894503029,0.03416909304247304,0.01979811491649597,0.1665883006776563,0.17004305855249138,0.07994415820604944,0.0184419425953881,0.14814717387832047,0.08219015966937131,-0.16063948334896763,0.28188058548358197,0.06282034952969935,-0.2006561464406975,0.011580395002042792,-0.14364645784448213
Clavicle,Acipenser ruthenus,L,5,12,0.19588876381879974,49.724542296837335,-0.016860281709640258,-0.09653297472031877,-0.11589708143404906,-0.16844825146414763,-0.02465282189493699,-0.20671432802105813,-0.5053692852509982,-0.16969942665062884,0.19379288217258353,-0.07544554407011711,-0.1685359363851524,0.15659114729346482,0.3526209526996548,-0.06349405226569145,0.001149077878698377,0.1723866774309737,-0.08304115229811326,-0.05471574816462371,0.2054577089588363,-0.037949911133656526,-0.09419066017208938,0.10059210332046843,0.01094938743681815,0.036413478950179046,0.16919657468325192,0.1724596658209641,0.1287716801207031,0.024235202342397812,0.15985787583241318,0.105379469380649,-0.1256291487866807,0.32308498366982924,0.04918241624399617,-0.13273670815399902,-0.022445637411526206,-0.19976233424845372
Clavicle,Acipenser ruthenus,R,1,12,0.16672820278419723,74.52714975491939,-0.008912538966516058,-0.09632693798006778,-0.14177102940220082,-0.20487284541341375,-0.02652710784265887,-0.1734256901312031,-0.486472477361673,-0.14239420207311532,0.17105758664221468,-0.04783534477325596,-0.12378599862854164,0.14823359575749737,0.3429743704384514,-0.1220890271680657,0.03590377122746806,0.24370237816889018,-0.11114700816533933,-0.038730282508671714,0.25406898223464525,-0.07122951286799013,-0.12229095020576528,0.07392646780334451,0.047569442369438684,0.0070200046382736594,0.11135788507650768,0.17743599016593717,0.11690406015681641,0.02917070922938978,0.18419111247026893,0.07522669284287986,-0.18627750764115855,0.29557637589874325,0.0927588603427712,-0.12083007879521176,-0.011273126178609205,-0.17088661936008068
Clavicle,Acipenser ruthenus,R,2,12,0.1434967492709809,45.713671950907106,-0.03987599485518901,-0.10790075368222464,-0.13940125470995307,-0.17135139138676342,-0.023834484680823005,-0.18580290981076356,-0.5038616448274066,-0.14658819582312266,0.17317329908886342,-0.06617498387547421,-0.11474958905356784,0.16000660932572866,0.3750138660573497,-0.05373871166359929,0.0452476318777302,0.1993640125015234,-0.0878246378737712,-0.08552864430880835,0.2485329788218952,-0.05568864678646316,-0.11449045736318654,0.10246164652995525,-0.0043598660717397335,0.011741849634454914,0.15648765547442559,0.1413173045323566,0.1298245810612493,-0.004071602141300445,0.16211393413970046,0.103670651600768,-0.15846633541581998,0.3053618987245553,0.06164322133448449,-0.138058206883196,-0.014108251761300664,-0.16008457773056736
Clavicle,Acipenser ruthenus,R,3,12,0.15012567051613857,52.81453703679768,-0.010515897791883309,-0.12451226141930441,-0.12787797136610685,-0.18241871277519447,0.00513405170639288,-0.19227428206843628,-0.4876641413035827,-0.17847454068332153,0.18912182850087123,-0.06343428115360727,-0.10744703050306958,0.16817363843265298,0.3285797312106595,-0.08368959476121558,0.02438645439038546,0.2036131966474075,-0.0808285277953152,-0.07958049821690404,0.2498151290555674,-0.05464730118353293,-0.1012871576447054,0.12318481505104151,-0.018308661617785407,0.004346598124522317,0.12971039598032919,0.16651383605987816,0.14136548998328516,0.029242506675813948,0.15214105767679093,0.12297920317400741,-0.16157601243344383,0.31537134984179577,0.029756321275702362,-0.15853672916310785,0.008747622678686649,-0.1791096245852745
Clavicle,Acipenser ruthenus,R,4,12,0.11116932927700017,54.529655041942995,-0.07362640376492331,-0.0927641998805672,-0.11265669581320921,-0.17010831994684442,-0.017568290188621806,-0.17456162238608744,-0.49162303945045804,-0.1653418008940765,0.167379777913931,-0.10574683367220161,-0.11239465141107469,0.14122585690779887,0.31744450559319687,-0.08957046580706386,0.027450182340599576,0.24111925798323222,-0.07991788837613059,-0.04383787820940856,0.28986436392587733,-0.043963575336494434,-0.09424140745003495,0.11885374859974811,0.007643326545752323,-0.0029613136775336456,0.19370419691958754,0.1708216061207882,0.10198889782979463,0.03940992962158436,0.15277493175792148,0.09152064773414967,-0.18000784243398768,0.2834060493396348,0.06595351824807759,-0.17928356337481138,-0.013125041870067836,-0.16725996343807747
Clavicle,Acipenser ruthenus,R,5,12,0.18751396277471477,48.24678097136497,-0.018455001298593367,-0.13046940566692472,-0.09828174433931107,-0.14163586555163407,-0.005923385426378485,-0.20560200963783126,-0.5162175101722529,-0.1763392180856969,0.1633353405480744,-0.05307230882034307,-0.16811979940108643,0.17938007300120376,0.35055550912248723,-0.0622951819001375,-0.013096505493951653,0.1822918572459809,-0.08327666142411895,-0.05065733892477864,0.20021041084029909,-0.029985281354431716,-0.08558081814712698,0.09422716751373399,-0.008973920710697416,0.01941182580459023,0.1720936074275021,0.15961979524988149,0.10814809252293929,0.04095616318681383,0.15351425677140126,0.09736823212550182,-0.1657298739027469,0.34525202735987426,0.04257378624509854,-0.14522415559124688,0.006996774588315041,-0.15699893370440846
Clavicle,Acipenser stellatus,L,1,12,0.2084696345960349,67.74010248360747,-0.022474621576836232,-0.0986673081190875,-0.1308047451966436,-0.21882789410994954,0.012470936401588148,-0.21759936525711682,-0.42309787293364637,-0.17703041119172178,0.1875505337422338,-0.006672867449740821,-0.1370910154540886,0.16320099076037764,0.33245474753379667,-0.10709891895944719,0.10456750686319781,0.21091814105990112,-0.10260219018217422,-0.07432674834295465,0.2621685334513797,-0.06953457804693404,-0.09963946298653693,0.03655016402474361,0.04264148585263918,0.022875990718752584,0.1909257330495692,0.19117421993892603,0.13554041916638845,-0.028126964843181824,0.14546669915430332,0.056431328566745015,-0.1174794285100366,0.28473357695969703,0.06076801823593389,-0.21633766969599838,0.015537503646299565,-0.2085644662703774
Clavicle,Acipenser stellatus,L,102,12,0.12233151605655262,79.87728065823795,-0.021710822696178397,-0.09231803503784393,-0.13198144265466552,-0.19552163445057147,-0.005957481470064902,-0.20103965089943523,-0.4611613265952626,-0.15079214534175558,0.17352387496033958,-0.036856757064142535,-0.15507298314766801,0.1344940364832427,0.3461967837773701,-0.09362406289794131,0.04192589982309888,0.23574813651655593,-0.12287602842066607,-0.030713571184260213,0.29214205717183694,-0.04706681341616879,-0.10291753874379092,0.04628899478794045,0.019769074313544768,0.0219897221357501,0.1635270625546128,0.17889543746898448,0.10312540524704303,-0.010509812789460999,0.14277813899848282,0.08066311066815805,-0.16127232474026446,0.3134979658643622,0.05336092277383566,-0.19687035647243573,0.012766933086734525,-0.14243076860931575
Clavicle,Acipenser stellatus,L,103,12,0.14767221574070344,69.01065037822835,-0.035778839269368194,-0.11010028806196845,-0.11673695917908244,-0.22906767766879244,-0.022303663319470562,-0.192429874798588,-0.38840227448242776,-0.1439584425103531,0.13449676940328653,-0.06471079209550362,-0.15515771211032567,0.14414031596171598,0.3394173545052482,-0.08337652717293574,0.0660245764079698,0.22158352861690173,-0.11405740145872256,-0.039381592731186764,0.2700037878216133,-0.07198890888021944,-0.11070676742165887,0.1162264144486474,-0.007281021185273141,-0.0017453134161542194,0.14221616059008335,0.19878538879472832,0.11234822778451466,0.0030767284974664113,0.16151896276678798,0.09314557522877909,-0.15983572868133236,0.3608608722003486,0.09149105825588105,-0.21472866228253618,-0.012941259062595955,-0.18064601549547654
Clavicle,Acipenser stellatus,L,116,12,0.13308789352651343,80.51065330226348,-0.023431987272392506,-0.0928066218492215,-0.12452568362094939,-0.1989285124185947,0.029909616468614012,-0.21617730334979846,-0.43879281723803987,-0.16348068631634916,0.1884662427462259,-0.08546957540094283,-0.1458875550182476,0.14152877999823144,0.3435257504085703,-0.08867974109081227,0.061403905933468506,0.2143789619157032,-0.11174190979182504,-0.06243592404802415,0.26377312242734824,-0.06344247614721932,-0.10016470971220261,0.1321649730204746,0.022764005370781114,0.012726516873293502,0.16568889545798238,0.18156949673985825,0.1254917962422681,-0.006191334050630553,0.16165893867375503,0.08923566192180167,-0.15663583911222642,0.2887400662717233,0.046133428228886136,-0.21008163773725183,-0.018603133311057108,-0.16168271121320082
Clavicle,Acipenser stellatus,R,1,12,0.2011337539388205,69.47137885229908,-0.024451645203178822,-0.12443318900166637,-0.12666407532638563,-0.2170537534787406,0.010920277115299973,-0.21686384467434788,-0.43556567834100846,-0.18323965312440377,0.17223387006253918,-0.03300776829040243,-0.1632905166350648,0.1460946351622681,0.3307175920438616,-0.09399280555033251,0.08772583065807804,0.20666955954673796,-0.10890150009054525,-0.05999737793898344,0.24824745580269098,-0.054927517007663365,-0.10868694682170904,0.07857114371267226,0.09025432892307042,0.059715232688598324,0.20158070268461126,0.180606458900574,0.11422686269370934,-0.02825047520198073,0.10811505587135065,0.04182875651594784,-0.11610963798216906,0.32538982193343824,0.05098626241430572,-0.21134749529309352,0.013499238665942895,-0.1605992054340209
Clavicle,Acipenser stellatus,R,102,12,0.2053071247208023,84.63706052929741,0.10703748257139017,-0.09046278075356631,-0.06385782011227487,-0.20984135596862322,-0.005011233993665571,-0.20611468946980363,-0.5033725492364319,-0.13338503762055695,0.17995460852225292,-0.04924625803386457,-0.14592301588577938,0.14553134074610946,0.3253581528848,-0.0802945179944397,0.03872245538308219,0.22050688027722865,-0.10064253154435003,-0.06075819944053759,0.2565511461658397,-0.05822420305506062,-0.11926288660182051,0.03978819452406589,0.02924737169359071,0.01856612973352699,0.16633073252610284,0.1682826058981675,0.09476947679943104,-0.00951075080272906,0.12761715028739953,0.08157119685799594,-0.15356134484287234,0.29528111736373813,0.0831691453659085,-0.1900403300649062,-0.006484924395477297,-0.19229075778387075
Clavicle,Acipenser stellatus,R,103,12,0.1657468866963614,69.37872253188998,-0.0031375274547971,-0.12937427832166679,-0.12100348577538446,-0.23320824618739777,-0.01886174418430662,-0.19705704325976214,-0.40398901744013643,-0.12536492947214528,0.159128368760569,-0.06631199432819207,-0.17101360840689264,0.152814927808817,0.335549806251578,-0.08050256911858383,0.05801732226847586,0.210954935799982,-0.10751852223959182,-0.05464473013737909,0.26504007153728837,-0.03297897037692374,-0.09914276301227681,0.11469093422137683,-0.018144608011558216,-0.005250090485762193,0.14586193037193282,0.18951471523245894,0.1426213895080106,-0.0160835337502585,0.17110786795225227,0.07864810641054766,-0.13227450777548744,0.33647337859290055,0.08408720100599582,-0.21709285124588823,-0.013336731645942537,-0.19821920309185154
Clavicle,Acipenser stellatus,R,116,12,0.1145610857237043,83.23651590228883,-0.013380615123022143,-0.11157380971920856,-0.10973591426504646,-0.22200967401135288,0.0035475374186185434,-0.21713383967993052,-0.4385446726003403,-0.1638681006046848,0.1808025992032391,-0.046722599723957405,-0.14310779197594875,0.1380305562091329,0.3238739728356809,-0.09318931379237597,0.06693564889751917,0.2264266551083012,-0.09244171293993285,-0.05709381277072702,0.26041593882469616,-0.06090389531042021,-0.08357860805003091,0.12936741372517857,-0.0042442726051478,-0.012388439659188741,0.14249961155058544,0.17018267031480278,0.11273014154820382,-0.0034473239797050822,0.15561419011720973,0.08395373001344202,-0.1575024376162822,0.33879022177474205,0.07175352225439839,-0.20097626898978224,0.0011942773223458446,-0.17427558370101143
Clavicle,Bester,L,1,12,0.1813645469452268,70.29071989345815,-0.04024033619410901,-0.10882812196833995,-0.11134313750057916,-0.14469777230716863,-0.05710811492828094,-0.19929871429252302,-0.5444445858197857,-0.17008816514357208,0.18755502754613418,-0.0807186073004262,-0.1181323502405372,0.14419091578946086,0.2790378628662522,-0.06290887221994507,0.025185987320674504,0.21135814450238763,-0.06859002044705592,-0.03462585656511962,0.2854586535954874,-0.030708870421573504,-0.11563187268055831,0.11636175847865039,-0.0007106241925270782,-0.04384199244342366,0.18817216353627086,0.1539919074637294,0.12082496774800892,0.0021916148348403715,0.18272256404222706,0.09434557347107503,-0.11917856786567009,0.28415592306348864,0.08335168364549964,-0.15330032832672955,-0.0037952550076132603,-0.15071258203864907
Clavicle,Bester,L,2,12,0.15569240805968973,62.31048658116972,-0.05462119595782049,-0.09784185669667951,-0.10539245395864724,-0.2541233521516786,-0.022194539218637628,-0.13750734911100837,-0.45576521631431993,-0.11633215079615225,0.09589323354176978,-0.07634412177416523,-0.08557548104591128,0.1145626201522683,0.3326960245737287,-0.08553848916295644,0.04452006356625502,0.26310406415836984,-0.07863264050168092,-0.039221351411054574,0.283159956033484,-0.06966557497157153,-0.06897642768679547,0.16500563605531554,-0.0011957572580544996,-0.034425890658347606,0.23675267640052905,0.16367822338858132,0.09346308893822998,-0.0041701095042509795,0.14315328748233316,0.07655811026289465,-0.22322919925084098,0.28263741748380466,0.09396074236672021,-0.21246516226835085,-0.03249243870307493,-0.13343438600228452
Clavicle,Bester,R,1,12,0.1343026921162368,63.47674326124024,-0.04796610715991733,-0.13129255781671242,-0.07818447165260116,-0.2397712324846993,-0.03859930678829303,-0.16993854968901556,-0.43857117278799673,-0.1321791108098903,0.09127966604680061,-0.0576904632603212,-0.10760925172934442,0.12686033934985744,0.31649883148139135,-0.10242864531952689,0.033296491747629525,0.2599866445128399,-0.09433695412326709,-0.034396710593341456,0.28582056587755206,-0.05264375099384455,-0.09996220508702203,0.08555117318195139,0.013262980559980292,-0.02191271696534012,0.2146586390828985,0.1823513943530988,0.11063942167823926,0.004129103881336646,0.1808360189540788,0.08376114626055202,-0.17993075065032968,0.3222601222106889,0.11043803861574975,-0.202715231674706,-0.03962093849696812,-0.15188044971150835
Clavicle,Bester,R,2,12,0.1698657170022428,62.12719133144563,-0.046567863241759086,-0.09804242170692247,-0.09194008609455469,-0.269088453045865,-0.002594340915584044,-0.14475031711254271,-0.4245500173000664,-0.11559568025676384,0.10927547110353059,-0.08710247130184348,-0.09173913524953078,0.10667705968828717,0.3343041333601269,-0.08293791050355685,0.055584521096464196,0.2722433917890757,-0.08044790848443462,-0.03211030983146173,0.2882710883799819,-0.062194531358353684,-0.06651444006150771,0.1689658480761347,-0.028538727759667776,-0.06260287801297582,0.22264744733826825,0.13756690238102529,0.09564243339853935,0.0034384024720161216,0.15195886455997246,0.09069965702635613,-0.24585282329625005,0.29140215770757527,0.0748972640619393,-0.2167086832298195,-0.018837268413759024,-0.13485837526207406
Clavicle,Huso huso,L,1,12,0.20566970546192023,74.35575321974159,-0.0729051909856388,-0.06287104662724984,-0.09346089506615203,-0.25813902153589874,0.028690962362038316,-0.12853011628263677,-0.4613330803182028,-0.1883638732194472,0.10382506296613064,-0.03521972684733127,-0.1382925902651265,0.10082705531418719,0.30445505730650785,-0.07267822341313815,0.06648374148258432,0.26032984923089375,-0.06332487316380991,-0.023544431352004527,0.32895303496141004,-0.044113908287050425,-0.07532384156532505,0.10388153413775447,-0.004980753794931662,-0.0028210095834816677,0.25521117821413114,0.11396640834328906,0.042459344684181784,-0.03221798582223497,0.10032752287370143,0.09555584999578862,-0.16673173496117383,0.34755485233467065,-0.003046505738440239,-0.22628391338021686,-0.015914477142945884,-0.08242425485483235
Clavicle,Huso huso,L,2,12,0.26687890618677595,58.543435724142896,-0.07489950329785397,-0.06493453842434858,-0.05798652805441719,-0.2724355653579871,0.002499222212771479,-0.08554770642815838,-0.40205316111753125,-0.13740784366030614,0.06546376775284478,-0.07658954357875952,-0.10364508130081987,0.07674907493691875,0.3524476966668512,-0.12105732441163049,0.047066476552082626,0.28191848981944345,-0.08363659608643151,-0.029730005772641704,0.3873713678762697,-0.041871405490420614,-0.049766392734234534,0.07496212121311137,-0.026643427310342558,-0.013000245297684215,0.2216929286965799,0.1277511609708512,0.008226428889346691,-0.02396139709346824,0.11008821815587629,0.09065480596052715,-0.2427997088045243,0.32204711009678744,0.03329709991303494,-0.2256537250221314,0.016810505248013575,-0.08542677571761939
Clavicle,Huso huso,L,3,12,0.23258883738666852,65.66779477278598,-0.07634789492180927,-0.07542430609603543,-0.06116821479140655,-0.26523966478061595,0.014815272029783185,-0.09336160689681001,-0.43845648021512695,-0.17361546277037043,0.08172700292495486,-0.09462056254524484,-0.0957567260233375,0.09355517827959328,0.3537870206147881,-0.08647855145670746,0.01746985275064137,0.2878919397811981,-0.07569086390898494,-0.026708121249746267,0.3534124688370567,-0.059890734309458175,-0.07026240838798992,0.09735270610198057,-0.0005666043897171102,-0.00962666512181775,0.23291463675003232,0.11153422427218206,0.06840575278626132,-0.026059568972267785,0.09207997013928523,0.0763546903298495,-0.21268283283973957,0.31984664030142773,-0.00936998975206421,-0.21195176781025168,0.029147142211932955,-0.06701547087146593
Clavicle,Huso huso,L,4,12,0.21898326114801545,65.74316675144189,-0.05462579029806854,-0.07916000042931745,-0.07785524152143747,-0.24201942097768847,0.018168929127104962,-0.10494148348691491,-0.4456423050179919,-0.11994200427059203,0.09617636496576636,-0.055864207647810124,-0.09676274506047383,0.07442738582158075,0.35719005055341224,-0.08076465544361681,0.08768322112508324,0.28495508738617603,-0.08269761676374973,-0.0474595707765175,0.3511496602952307,-0.08044734932231204,-0.08007378771526256,0.07859779799066255,-0.032176512677758604,-0.039467536551075905,0.22194768432169787,0.13579343671076136,0.03368591278722187,-0.03198352267986836,0.11009707971288739,0.08545500442199616,-0.2554642599401818,0.2983748033639366,0.05710899314287024,-0.2082407739855706,0.009516635053130192,-0.08473926221331012
Clavicle,Huso huso,R,1,12,0.22985391768423125,72.0968603998073,-0.07162438029229194,-0.05320166826978131,-0.08084090452765454,-0.2803571237764405,0.025137484146537978,-0.14111324591579166,-0.3916706604647346,-0.20334351102294448,0.09607454272704193,-0.09174528782389768,-0.11622096875773842,0.11443743170755483,0.31865497123773867,-0.09741457077243446,0.07994432734451,0.2480746015569886,-0.07283475271011304,-0.02708249075706475,0.3393390812505293,-0.05809272859622466,-0.07966639306996731,0.12798199947854094,-0.014294760023139811,-0.03251479794989304,0.2511430623248394,0.1174524621913548,0.05476945623683049,-0.026168411769855807,0.10031622272097987,0.0854929960719403,-0.20351984524167205,0.35721436425640357,-0.004783273098532581,-0.22010800647974432,0.015282426837100061,-0.06471764876897362
Clavicle,Huso huso,R,2,12,0.2703737207358537,56.43012070183997,-0.06499182194834185,-0.0802625836710447,-0.059194687863066725,-0.2799629034403471,0.008393838879704888,-0.0769268954376144,-0.40808706683845436,-0.13921651774557903,0.06554063611842091,-0.04612711827311235,-0.1088198655614144,0.09425567231411126,0.32375067156132586,-0.09830745472177027,0.013612102072190688,0.3048786863857627,-0.07801002994601942,-0.02377192277888076,0.3622877156385836,-0.04210900613996492,-0.06797422159888565,0.07551996222038902,-0.02977068676384942,-0.024238172450077634,0.24438683861401322,0.07917660918741001,0.08361767515195008,-0.04929581856835619,0.11736404137052496,0.07189643758371667,-0.2554287143905802,0.3484543069010307,-0.006943354795012677,-0.20693043096088265,0.023107348210971636,-0.06987326831685194
Clavicle,Huso huso,R,3,12,0.2490447967694037,68.28298119556398,-0.06400524435261927,-0.07013060138600966,-0.06093618476652523,-0.2616651114402688,-0.0013031270396824507,-0.08688540303807392,-0.43303065837614796,-0.14985873164430286,0.08645885000723241,-0.06835399044235009,-0.0837050410919418,0.08228654161280949,0.3381194464836954,-0.09030624459970742,0.007615532976816728,0.30256829059905965,-0.07067676150276196,-0.023923669374999932,0.3503177271983865,-0.05390971391976374,-0.05841344170000513,0.10411885347695723,0.01239854465620373,-0.004892793739714368,0.2510165103328246,0.06289463275017423,0.08678032756943663,-0.04715851676638789,0.11078141957850164,0.060601984382944986,-0.23209995693640684,0.3205159377170439,0.004382522983739797,-0.23982734977674244,0.013299686482246696,-0.09307426691366122
Clavicle,Huso huso,R,4,12,0.23128374349971012,62.94003946000016,-0.03930309674428981,-0.0853738977789313,-0.04334089809793521,-0.25371442165827096,-0.004297953055734023,-0.11860635629919666,-0.4527861423003785,-0.10937141871864255,0.08072140637527597,-0.045419841728376105,-0.0758563456309294,0.08462623529202754,0.3280774473091074,-0.09912178779786171,-0.01515418543175352,0.32110030556661656,-0.08200962575280892,-0.039693436954413595,0.3601977249205468,-0.060227886589054744,-0.06257651242600024,0.09009998919633862,-0.008946526095791732,-0.003522277348728478,0.21508466727018702,0.10726524166533277,0.08778796377031414,-0.05864536867023107,0.1291855073238788,0.07303478659288587,-0.23328064289022482,0.2981477666861778,0.04523149598251266,-0.2314106202710251,-0.009393074255635079,-0.08850822145498849
Clavicle,Sevbel,L,1,12,0.15652442825205562,89.19374397903042,-0.029544476405810732,-0.0901975839160876,-0.07943028311757601,-0.24435810691123833,-0.015744101357110355,-0.16062908047546767,-0.4412339542759231,-0.117474797542327,0.101556367309684,-0.04571399367783102,-0.151453288585622,0.1400527575890383,0.3364041938244431,-0.10398014464710824,0.07266466526588809,0.2150564767827885,-0.09366821484097237,-0.0634225501906507,0.2785206438361646,-0.05022692605338576,-0.10269058321362663,0.1386974751015859,0.004542879970509267,-0.023126610836921357,0.21240118358362267,0.15133224095308245,0.07302667324755857,0.03847346806390066,0.12561438218324975,0.11816317052380312,-0.27969060424442843,0.3273234082853305,0.038273671542154296,-0.1790123056772735,0.013932145550441265,-0.11443819764388391
Clavicle,Sevbel,R,1,12,0.13757707370981087,96.97109254164428,-0.016531783815495353,-0.07126928131378821,-0.08673736701031155,-0.233961955980516,-0.012692226718549299,-0.17213937274618085,-0.4361380314302189,-0.13385187812218505,0.1401559941029711,-0.0650821083118668,-0.14060978899737775,0.11614828988346383,0.3075508380446637,-0.10867213358057685,0.04741494416304111,0.22846629961807507,-0.09558063862721283,-0.03434482768351477,0.30808822415553666,-0.061638900209016155,-0.08618957136253819,0.15132038507492437,-0.014372328731919626,-0.0403136512463244,0.2244837123633744,0.16262236458677107,0.07643023171531561,-0.021684398181707292,0.13420725043372497,0.12229845107461165,-0.2547716321853956,0.31785178749274906,0.03758866416492408,-0.19173954935137397,0.024005773787380582,-0.12031178505545766
Cleithrum,Acipenser baerii,L,1,11,0.11896509869103772,79.41468190420774,0.21213285381379018,-0.07841890261515634,0.07188654494393101,0.17607851627199406,0.041722060640594257,-0.12333955648007898,-0.007867031234878174,0.3464383931485483,0.008019673482138194,0.07842402073672619,0.18107539247670495,0.11455710141462536,0.08900284791004595,0.23835574341473634,0.011807821367563228,0.019758251234295348,-0.002316591119858828,0.17150262737234287,-0.47960002114956524,-0.395971670329042,-0.05520933056532448,-0.24565635192648985,-0.19655453476056264,-0.02136197913237044,-0.13462321577001762,-0.03688763237459057,-0.25940997078473693,0.17186122645903884,-0.045745412558323095,0.023196973906988123,0.12048890365506028,-0.05169684592305034,0.058350094474922,,,
Cleithrum,Acipenser baerii,R,1,11,0.14843563795288842,79.31669925321344,0.1948615627898766,-0.06456107920279862,0.0698442862859191,0.17712716891813635,0.054676030159147036,-0.1270325655672907,-0.002118337735057502,0.33149626328441695,0.00048429920712571924,0.08665110964845664,0.18610066862084584,0.0754518615617544,0.09003296145121936,0.22926369973856153,0.008568570198069635,0.053658812753900144,-0.004611015004286854,0.1632734611836171,-0.4793257760995069,-0.40285538566672346,-0.07739919958228077,-0.25532538525874326,-0.20415875927456495,-0.02042824064345126,-0.16073348097299842,-0.02277654911216248,-0.24155157012099757,0.18981911491090173,-0.07307549359803697,0.07154696825840229,0.10535224959381512,-0.029498379944397666,0.07724212921913216,,,
Cleithrum,Acipenser gueldenstaedtii,L,1,11,0.11133342264702703,51.69380454779867,0.1840281882911902,-0.07597939046435204,0.05876097445963455,0.20989143696786472,0.1192979829461948,-0.18656685400046102,-0.050877908254834195,0.33922102728370557,0.004918087587552797,0.09929172708310431,0.14599958146976677,0.1225180196655487,0.11870994171401067,0.18733835627720039,0.009948361117483847,-0.009627012947840444,-0.015042170021230294,0.20324647690474998,-0.462129171285104,-0.38768276837601207,-0.019989127109201678,-0.2621967746954127,-0.18465419237809347,-0.007832302910283289,-0.07955446204916615,-0.022351427436111758,-0.2968844187645192,0.15956718283357013,-0.04400984344761636,0.03661365623498049,0.09289685234261769,-0.06213715585345143,0.07526712681451532,,,
Cleithrum,Acipenser gueldenstaedtii,L,2,11,0.08393688388007144,42.55132517591049,0.18833278302337844,-0.06182459104613582,0.049317046327571765,0.22597975321156247,0.10022530105653552,-0.16666073734518477,-0.012952907230198723,0.3829634564098963,-0.022373774911982083,0.08484789208440398,0.14819273618939832,0.10462710129720898,0.10610033560998046,0.18525580811515882,0.024502978922681988,-0.015241036762070184,-0.024976927261056894,0.1946546669128766,-0.45983947479048437,-0.40596990280209705,-0.04307933942641172,-0.24974969351163923,-0.1904615414253414,0.011912852630238042,-0.10893251426827773,-0.012057383143692816,-0.2528602808991359,0.14830147852677117,-0.04713273758117793,0.03035960730647626,0.09315338410657358,-0.07421421851148705,0.06959987918566038,,,
Cleithrum,Acipenser gueldenstaedtii,L,3,11,0.10177832406065733,55.093595150120755,0.2015249381153931,-0.07516739034385578,0.0755696587355043,0.21247618700985668,0.12629091369730405,-0.1911932300249082,-0.014326087540257892,0.3397141731348447,0.004119264617181341,0.10467184921816497,0.14241821859279719,0.09971154201315305,0.10999910285319656,0.1969507368414524,0.005626934216065476,-0.028938146355472788,-0.02400533651997857,0.20528830464747952,-0.442291985757262,-0.3813245352398968,-0.03539388291965922,-0.2560440735426916,-0.19812013372120413,0.0018840210165105918,-0.12438115357285215,-0.022667535140151455,-0.29965302130151034,0.151222919668884,-0.04257088002820523,0.04098136499875953,0.08608644990304105,-0.0615182312731065,0.09305904400142374,,,
Cleithrum,Acipenser gueldenstaedtii,L,4,11,0.09679028599758126,42.13736074276042,0.1963033825486623,-0.030319480359380806,0.059994647742004546,0.22398847786458484,0.10899600514326452,-0.18649677598822506,0.0225907790093038,0.3164860190191036,-0.018789532684608593,0.07637593971161327,0.16253401320385755,0.12745893295277116,0.11445494944610353,0.19049049773173313,0.027319105244433966,0.011691123837063529,-0.04405477036765386,0.1966900606439693,-0.45847200999499693,-0.3919122651447877,-0.0477640591052944,-0.28546605087869686,-0.22221590239261782,0.002833970531194241,-0.12397104544614873,-0.02846610239356206,-0.26926007308755284,0.13421258379231193,-0.024636737192367652,0.03898979899888943,0.08829187011019937,-0.03690127724758887,0.06902392475241818,,,
Cleithrum,Acipenser gueldenstaedtii,L,5,11,0.08351310594461968,83.38253580282569,0.17467626151099688,-0.049885084982036074,0.056758046044030126,0.21124668286232376,0.07684624135959527,-0.1650868106513877,0.013178304258658255,0.3584443168396741,0.006029647642145508,0.08140707853782476,0.13836057854887054,0.11990334934751619,0.08311935470286244,0.24673504251154676,0.01354420888293323,0.004412899297072586,-0.03902103002552871,0.1757945764445601,-0.49056227924997403,-0.39772302688104205,-0.03264072885222323,-0.24709615730982046,-0.2184744157810594,-0.002683044629887271,-0.07962282169834296,-0.036167874256911335,-0.24972384528742084,0.14300459082450923,-0.0326498784381465,0.03579861426735444,0.10623608626388975,-0.04646486889496264,0.042305986792379145,,,
Cleithrum,Acipenser gueldenstaedtii,L,6,11,0.12979997151587433,81.70779520592228,0.19458268238705054,-0.050854125757034116,0.04189692279500887,0.17803873468888384,0.08663328719639327,-0.1946839899969254,0.04568382294490182,0.28236004305266366,0.034402985026172485,0.06378939832476119,0.16394432988643579,0.12604334001303324,0.07851415527949715,0.24414970002767333,0.0022582698448057963,-0.01161830947619553,-0.012817370421326704,0.1999444961246376,-0.4879726900857547,-0.4089828937891651,-0.03325558181178261,-0.2518894167333748,-0.20721208253968595,0.0095370374847781,-0.057069548170991684,-0.017024368249969193,-0.2953397633056614,0.13721159123057022,-0.03215566403649206,0.036250452636653045,0.11072957961065207,-0.048040855369493034,0.07294583118928079,,,
Cleithrum,Acipenser gueldenstaedtii,R,1,11,0.09336278721750714,51.334038304732836,0.19289032067000533,-0.06837544019662335,0.06728666440337706,0.20800721889630405,0.11972838540132942,-0.18176853465999976,-0.033490858420139075,0.3339985855963419,-0.007382058077353576,0.09001460681895802,0.1614587346030134,0.11533943267322068,0.12074952867514235,0.18309645077928616,0.021474378771961213,-0.005767126255525967,-0.014513297562996269,0.20865814185960638,-0.4624225869960045,-0.39902010093627627,-0.031094985982892513,-0.2616468675206576,-0.17732548590780137,-0.00876447711449219,-0.09932567059977637,-0.02176348143014649,-0.2840275815753482,0.15045392994183554,-0.050586322511209265,0.03273906317163245,0.10053750478985815,-0.06669802783491793,0.06753995653028794,,,
Cleithrum,Acipenser gueldenstaedtii,R,2,11,0.07988194323338195,43.21785272539683,0.20740921816797994,-0.06737919952602685,0.06906605817916125,0.20256506317212136,0.1083160051488213,-0.15987904128799488,-0.0020606409055361563,0.3681383121546408,-0.024748135971829354,0.09360317915950268,0.1460533583564693,0.11205900211264318,0.1131814065201022,0.17982547721509892,0.021504911926428748,-0.027798854785977663,-0.025445406265970485,0.17177761992664484,-0.46624253109903274,-0.41262675260251774,-0.040426772330536626,-0.25389946438139926,-0.19304843846270292,0.00864876521887919,-0.11353498084656163,-0.010931184621241966,-0.2567343974237735,0.16037041653129008,-0.027620219820738513,0.027868652748097196,0.08640718846751097,-0.06528195157583207,0.07086333690227939,,,
Cleithrum,Acipenser gueldenstaedtii,R,3,11,0.09721223159994309,55.14475669783212,0.1915840588289958,-0.07633335602386296,0.06459031959403913,0.20594789133539101,0.123926426527928,-0.19585461458500428,-0.005522278331519951,0.35628783998743135,-0.023153429568147175,0.08942869725553391,0.1474924892791688,0.11683971412751228,0.11948457574551659,0.17064508954347235,0.018439627515372342,-0.0040642950353478174,-0.02527394483270855,0.19817221226050058,-0.4400829708100026,-0.3936016719368695,-0.04281212143831912,-0.27396051270046334,-0.2073123933829931,0.010208720143140062,-0.11024700400414959,-0.005941617403446624,-0.2827721522106078,0.1426765888296784,-0.04395327859873012,0.0458157782524128,0.08475524888636751,-0.04593558315938968,0.09052594590910105,,,
Cleithrum,Acipenser gueldenstaedtii,R,4,11,0.09994135730262768,42.24938629006184,0.20699009978064958,-0.03506705806342329,0.06373372017008672,0.21648629195916114,0.08883424911570974,-0.19465993200355305,-0.0014782644241423007,0.3155400643032367,0.0017570480937839706,0.07949680804746144,0.1586685770425145,0.12359541431927902,0.11302206115650808,0.18456200249455565,0.0020599430898467896,0.015004243415054812,-0.03844983773853826,0.1953031441756089,-0.47269550866228704,-0.3907832706340275,-0.04067271002695622,-0.27553578757031816,-0.2321997855581124,-0.0006046636818741715,-0.09753075374068071,0.000333389564228454,-0.2728467546333336,0.140090618214908,-0.01889204879399635,0.049813356915256485,0.07615019182368517,-0.03254628173214738,0.07252143358185427,,,
Cleithrum,Acipenser gueldenstaedtii,R,5,11,0.10490826523138169,81.17672177970087,0.1791829132625535,-0.06827094637890904,0.046467889759574436,0.19849769637862152,0.06310044923499794,-0.1720562240682886,-0.011388598938008088,0.3585836895564857,-0.011939193889429328,0.08100981434582818,0.14607142556825023,0.1273644966399094,0.07051684812474866,0.2587366895488196,0.02421406170120337,0.02579706462377062,-0.036807602355800856,0.17686773656041738,-0.4917277155190547,-0.3822650439120606,-0.03201127207423507,-0.24597989366981615,-0.21906913503141018,-0.010936211090537846,-0.06146327322374128,-0.024560867472527233,-0.24960367380702517,0.15339900682374508,-0.026297478051789353,0.035934182143656006,0.10215613779135245,-0.06922118070605615,0.06569820812475534,,,
Cleithrum,Acipenser gueldenstaedtii,R,6,11,0.0992073067160983,81.95747233932619,0.1797348873960807,-0.06758101579571693,0.0477553213984983,0.20959635578849098,0.07204098621296715,-0.16497036069154328,0.012611726318058892,0.348554322864286,0.002968556334565346,0.08131372068407366,0.14879727593311085,0.12262564501772207,0.06749517429205362,0.2738971090194154,0.007044329301571325,0.0194482275310319,-0.03434910908636569,0.1764397684889272,-0.49161658760662075,-0.38701595307381204,-0.03894812320503227,-0.2440937979878643,-0.22003210296485642,-0.018859198213201235,-0.08614618518928642,-0.045642853895492316,-0.23218673019767605,0.14588768252634762,-0.027464115843317698,0.03874275278915884,0.10576879624763409,-0.06120454337021835,0.059388038977010026,,,
Cleithrum,Acipenser gueldenstaedtii,R,7,11,0.12838515547282925,148.45327540956603,0.13001090254005512,-0.07074265601283379,0.05848908715939784,0.2140038486929952,0.08276901892237767,-0.1757440540737734,0.07339406913065388,0.37433634172568403,-0.007978936742526666,0.08630936397340362,0.17235999110045097,0.11911055020247416,0.12698516492107767,0.20163685013193083,0.003425127317944274,-0.014901334757199567,-0.021858784600983592,0.17880251089715055,-0.4206295576048478,-0.4383692022856231,-0.03787188505299515,-0.2579004422409295,-0.2302396360521299,-0.009492911434781728,-0.14456687186416572,0.015274151475287625,-0.244676520638398,0.1267886545323832,-0.034659097299018775,0.04098303415551188,0.08050620267657378,-0.050506977105142,0.07495399820999628,,,
Cleithrum,Acipenser gueldenstaedtii,R,8,11,0.1445742477425059,128.6849826731529,0.1637364247650082,-0.04131216274384812,0.0746932700382054,0.1855928014175275,0.10904276435731762,-0.16207753355209586,0.07799439376257315,0.3268487738072069,0.006778228246608454,0.08684842262975973,0.1674798119484781,0.113312187434881,0.14878275773170566,0.17673917314198534,-0.013130777342558521,-0.002359792109292046,-0.019775518373245204,0.17980711274714314,-0.43626922845330157,-0.42202675767707626,-0.05525744605686137,-0.2797727485411105,-0.24981251717457933,0.0013849445809731313,-0.1557681415155616,-0.00684203845576137,-0.2738344619682226,0.1326533094404439,-0.018298642828412277,0.038220348553515374,0.07856180087224746,-0.022042886002065245,0.09010412731841205,,,
Cleithrum,Acipenser ruthenus,L,1,11,0.11575543432069385,82.91329722918077,0.1853358260972908,-0.08046837642533976,0.05689139610718835,0.19346644614026337,0.09658586025274117,-0.17563520032172145,0.0006244331519775196,0.36295930260269527,0.01856655606520877,0.0854909090061878,0.16425110122521086,0.12531979440085894,0.09522077704837725,0.22068061038429995,-0.005607387625965385,0.013196326436004237,-0.013557565966586718,0.20806346999218414,-0.45469207069801765,-0.3871767325249577,-0.07236575588123027,-0.2851305407282787,-0.18022966437425847,-0.006505166170495124,-0.10723470417227104,-0.09317234830820746,-0.2288900320636284,0.15448911624883382,-0.03017957863733152,0.020638375212648656,0.1192334814696326,-0.05969260822826568,0.05952395028495171,,,
Cleithrum,Acipenser ruthenus,L,2,11,0.13427498536648047,44.44103120111607,0.19373477838892872,-0.10362431061383962,0.041453126714481474,0.2283715306303596,0.04240687987502306,-0.1513447361877769,0.012346650184657745,0.3730738010411323,0.010304451578745927,0.0657031614120906,0.1662529527256613,0.11712382606445894,0.08479301225446331,0.27072909399139894,0.024333314482233658,-0.003694770322294884,-0.006553121260421745,0.19836046689244605,-0.4150708016872515,-0.41150302146224826,-0.03119937755249048,-0.26012159693993925,-0.16480354192063482,-0.013676533179757882,-0.13087608881187945,-0.027153713787413526,-0.26759352859621793,0.14337172308032547,-0.07245197779477187,0.013434183972077131,0.0814424018105394,-0.06637304079388585,0.05880480581179962,,,
Cleithrum,Acipenser ruthenus,L,3,11,0.15867519815463133,54.423352518579264,0.20991531073311437,-0.11271332044313859,0.046780683007995046,0.2192388121021359,0.057527195930354824,-0.1582390722128172,-0.01828729411569971,0.39655679549813144,0.006949864596632079,0.08673048544002594,0.16913804693021472,0.11314942137918028,0.0787905211825285,0.28403816055400155,0.009880279572350202,-0.030626886929357038,-0.02895488328306579,0.15890176908574824,-0.4307147093592152,-0.38004934389893247,-0.03884090945462162,-0.24392698467636936,-0.16755626610220709,-0.028117261347611045,-0.13555861403851516,-0.06195244980366914,-0.21784539124706917,0.15488092146201587,-0.071900609177294,0.03720748485070096,0.1095584381993361,-0.08413332620439558,0.07017313176951162,,,
Cleithrum,Acipenser ruthenus,L,4,11,0.11558474810596943,50.55954998349052,0.207337966677576,-0.09904075857394856,0.05229313596765039,0.20337357761808758,0.07172842440225664,-0.14006321747668093,-0.015750445521715218,0.36587048956819573,-0.008505007585041417,0.0866349660183639,0.17561638182712233,0.08979623330511692,0.10727600777206288,0.22824000666551902,-0.000690731363960795,0.0033385423939154687,-0.037167952030925926,0.22002505512345846,-0.4622762868078788,-0.41154976359882023,-0.06496254242364634,-0.22342307404881356,-0.16253910583259407,0.002934319743278852,-0.1287683080509669,-0.028287392642438985,-0.24281194688725566,0.16970580544208833,-0.04143426804164606,0.006713508611384,0.05255124850727992,-0.06143606174272012,0.08527119298569659,,,
Cleithrum,Acipenser ruthenus,L,5,11,0.13334224606820336,51.272412797499605,0.19532069887691086,-0.08147204329626018,0.048573045785098495,0.19651976040196992,0.05526690438873836,-0.15588172961029417,0.06793744441435413,0.34478071465324883,0.014931195540812358,0.07487868432094281,0.18632500083737613,0.1140804270286975,0.12058265535705445,0.2609340049229998,0.01817909971250451,-0.05850991793296958,-0.024108496391306862,0.1668878423220183,-0.4298104134948485,-0.4409868743190035,-0.016423111246625082,-0.2584200416401677,-0.20702125445998873,-0.015759820646553273,-0.1148754834367178,0.003774521228052169,-0.24357952689044196,0.14929469890741442,-0.04427897684403983,0.020512126838895767,0.057081914226056484,-0.05321350071981697,0.04848045116588738,,,
Cleithrum,Acipenser ruthenus,R,1,11,0.0963434386030311,83.6302206588839,0.1883432476673418,-0.05824124660665698,0.05075288766813297,0.20549314388325587,0.08124923107832738,-0.17484316615091514,0.008469053463113307,0.3237094762497696,0.020021117819811158,0.09013384617531564,0.15482829101164608,0.10271182699365147,0.06980970352693841,0.24293413511418668,0.00852811026811494,0.011028314449316344,-0.0014717478540237927,0.2000728185733518,-0.4727597485628742,-0.4047963038961388,-0.06549754718182915,-0.2691658912546906,-0.17605045311464054,-0.001622265465805649,-0.11135799370409594,-0.05480024222630007,-0.2529575346825486,0.14852847170584335,-0.04208149834680559,0.035167161707052516,0.13147785265053594,-0.06527964140936385,0.07766659045098386,,,
Cleithrum,Acipenser ruthenus,R,2,11,0.12602176300677742,45.13953074915854,0.18475553528859204,-0.10330492409684462,0.05193064690367908,0.2288619444249385,0.04177026913583348,-0.15568292673739179,0.0030032777549905717,0.3970354593488698,0.0011820070548791757,0.06919385174422742,0.16725319240945175,0.1096358129072881,0.10343778057582319,0.23971737347206462,0.01804336553237714,-0.003477087885573128,-0.013597281877413285,0.19462602067787615,-0.40967044441760553,-0.41402356528968215,-0.04213420105727811,-0.2692605707410136,-0.1764747763843926,-0.008074079146570386,-0.13866621386659844,-0.013562937827030512,-0.24793471586732077,0.14090388129258183,-0.06826902406208427,0.023773248388102863,0.0909180458296373,-0.0565437848287721,0.054634821344359145,,,
Cleithrum,Acipenser ruthenus,R,3,11,0.13509008630439187,54.24632428531726,0.1899933908855241,-0.10912415040355339,0.02135907000384304,0.2111573821294453,0.05119057062811758,-0.16253336222739617,-0.000445847744774747,0.3871840628192391,0.006133047915881104,0.08265723311171916,0.17013363722628716,0.1149805082314994,0.08659495510943116,0.2774815898343693,0.009308009860751927,-0.03142702415774082,-0.012180559407270048,0.18259935570078215,-0.41807648924810525,-0.3975740920224372,-0.04382188310459151,-0.2643859166822694,-0.18082933715738617,-0.005306151301330315,-0.11340599224422267,-0.03097496231024729,-0.23492990658846927,0.15133555788426378,-0.07576570278947761,0.033849788082111115,0.1060027509567298,-0.0795410564176415,0.07836152342691803,,,
Cleithrum,Acipenser ruthenus,R,4,11,0.154249240376855,52.27592160600113,0.21180714372800638,-0.08467206008838626,0.04343602079504656,0.2033403475395759,0.09675519504340367,-0.13574076170781196,-0.029272805736406896,0.38108732906826087,-0.007338230469736831,0.06233780638730795,0.17179498438815105,0.11091362118249361,0.16481576761661562,0.14529306868712621,-0.020385930295972177,0.0056288567929000735,-0.02088609837392891,0.19750706130724321,-0.4669465079459852,-0.426458979282884,-0.06505678082092442,-0.2437863148784488,-0.16391780923621255,0.0005117597083312056,-0.12828853616374006,-0.027407841189939306,-0.2225546054295624,0.16144865080793047,-0.02723605305133353,0.012993911716748805,0.05891559185224465,-0.044351735964257205,0.08571393401414434,,,
Cleithrum,Acipenser ruthenus,R,5,11,0.15875600850820584,50.84214871044834,0.20477686474989332,-0.07407007122705572,0.043154386953250974,0.20996030719102202,0.06207549257933863,-0.13077691779201453,0.08099268979656964,0.31157609794716234,0.022789336600725397,0.0829376956739219,0.1946795459667767,0.0788162470977188,0.10876177050445973,0.26893829910470124,0.006980586272942781,-0.06211675089362227,-0.0314657792369245,0.16862689706210504,-0.43622550103521374,-0.45308022700861533,-0.024738572962952714,-0.2691287096946277,-0.19714405948362648,-0.019680107224907307,-0.1378561420430776,0.0027687668168218074,-0.22812138597436227,0.14979176075500905,-0.04269106083652711,0.036466408329486645,0.06810601499566556,-0.04158700462205182,0.04648312163800725,,,
Cleithrum,Acipenser stellatus,L,2,11,0.15927271185860303,70.71472307973856,0.1462676832049506,-0.09112774029412556,0.05233580079718738,0.23301572749150445,0.09023536919719098,-0.19082468716014303,0.020575367472048703,0.3400355459863747,0.014494412667788135,0.06699163518008733,0.17422160798653002,0.11010570422894492,0.0980957983455545,0.2177050860206252,0.020137878780705103,-0.0305846086782525,-0.026557322590617674,0.18136082930688388,-0.4317332835182998,-0.41815404618785806,0.00941771889838082,-0.23846938478719582,-0.2057296302448155,0.02508197984864902,-0.06963135208148809,0.05246274359278394,-0.3290526891546713,0.12059837783911959,-0.06642117456829393,0.044100060705037164,0.08487403953197091,-0.06667043889779393,0.06284299108123785,,,
Cleithrum,Acipenser stellatus,L,103,11,0.1452082129126934,72.77177979316092,0.14688628471620588,-0.07336098128221456,0.06449037116346541,0.21482762675102385,0.0692341034652603,-0.135627456693506,0.057065615617003504,0.3835963058811866,-0.03615934322290329,0.10267007123086036,0.15202190008183855,0.11529576533854473,0.11690936442893816,0.23394822199828508,0.035077022748006344,0.005828833968405798,-0.04003657153320152,0.17470320528813785,-0.4199787653665012,-0.43711392091330376,-0.0448432722640814,-0.2317011307298163,-0.1879682036271227,0.0003847169129870805,-0.1825845674412392,-0.010703402813152888,-0.27809004732945136,0.12673297384628943,-0.040467257249435964,0.041870733203639925,0.06334369297882976,-0.049150194008139185,0.06289830485516078,,,
Cleithrum,Acipenser stellatus,R,102,11,0.15894137203560563,72.27768695231599,0.15125044917326763,-0.08681458205899592,0.008514932350189117,0.22333520440694288,0.07972357614099353,-0.14620940734853705,0.020955447327765924,0.38123138423615593,-0.011358253809092597,0.07138913330897427,0.16464692516952148,0.12301189991286061,0.07667347715369045,0.26487936080054564,0.029659169159579935,0.0011020879778934638,-0.041207596510675244,0.1706685913453504,-0.44067089396712267,-0.40438457357041213,0.0028532629752718616,-0.24981132448647583,-0.2116669495389937,0.021394310203092144,-0.04282652710216391,0.011841076668564212,-0.294862708299625,0.11432680060694478,-0.07331626648880037,0.02832867287338562,0.0742761456002831,-0.08493235484790364,0.06799953063752488,,,
Cleithrum,Acipenser stellatus,R,116,11,0.15762401920774724,76.51114561282509,0.17051453160045774,-0.05426838304614953,0.07408338307760483,0.2265466007746208,0.10217550887296259,-0.12265648989519384,0.059787951785036375,0.3084040907158357,-0.04612338525297441,0.10202310223719185,0.12627134184896777,0.11316535221405614,0.10415843306461967,0.22766754829341077,0.044974204243998915,0.015366457528425826,-0.024404131922114835,0.13778080162993792,-0.45461084476041647,-0.46464798971703397,-0.019619932578944593,-0.25814225432041304,-0.17774687534955566,-0.00840082605522981,-0.16038843837592962,0.01985312975083793,-0.288346827821378,0.13028380123168373,-0.029325529742390145,0.03637306591523181,0.06446065923472327,-0.033978709704770564,0.07877065452289121,,,
Cleithrum,Bester,L,1,11,0.11494721361322408,63.44142807830251,0.17358200538330185,-0.07288634076574102,0.05905330059692918,0.20583532615496894,0.139071027136041,-0.16132013606675408,0.006749085109768577,0.3405082868000215,-0.03141140024927567,0.07442589496887982,0.1487517381942587,0.13926627042577167,0.11677041885855961,0.19379467504265038,0.010943902416142315,0.015074499397156084,-0.046423976927471085,0.18192377650871686,-0.47237894036368483,-0.4044496480871537,-0.0033104841850179747,-0.2834436032055616,-0.2210033621315803,-0.00852371562321829,-0.04981537742308973,-0.0011634536150376767,-0.26673028769052587,0.14448010470329886,-0.016430551876925468,0.02902921529403521,0.06872058641640252,-0.05976839376906239,0.051079558573196376,,,
Cleithrum,Bester,L,2,11,0.10899837080434996,62.239969739235185,0.1636294639450385,-0.08535820650367328,0.07226791754656638,0.21655938981277517,0.12814301093635677,-0.21780967765760093,-0.0003494301952027842,0.352139092273156,-0.00832945659528975,0.07235227290537737,0.14421665095195438,0.14391669787547934,0.09297470016705506,0.23235708280726708,-0.0017366251909738696,-0.0016967545798304599,-0.041958738248721095,0.1765970383711124,-0.45403547762235713,-0.39615596365033207,-0.002697132164399915,-0.26188458061359354,-0.19114651934793025,-0.021728880803894894,-0.059183674215195714,-0.009632255363578575,-0.2570284957659991,0.1460908414700526,-0.049096476558673725,0.044664524720392035,0.08554324892588076,-0.083507677295825,0.07188408966460828,,,
Cleithrum,Bester,R,1,11,0.12157267667239524,65.7050212009082,0.18095339587268489,-0.07893951919352345,0.07161271418657768,0.2003861219644179,0.13554498544791962,-0.16560159561284787,-0.014194726878273667,0.3206296786036558,-0.025042570003255205,0.06725054109635914,0.15505429092701684,0.13133269217183796,0.09370329823007029,0.2232738987038087,-0.002164460066717105,0.014890080682291527,-0.059140149489687856,0.1850577974250385,-0.48026077214076207,-0.38873033273043667,-0.008357561752926016,-0.28469164256291163,-0.20322559706577747,0.001729380624013459,-0.033689661638201966,-0.001392160469816119,-0.2704775223250247,0.1592658088899387,-0.024788391203820825,0.022723671420798695,0.0963875564843869,-0.07828670352933866,0.05918745393250514,,,
Cleithrum,Bester,R,2,11,0.12361349674200148,61.55549443466109,0.1702594796078394,-0.0903272843930252,0.08462804214518364,0.19669056455331071,0.12787506211971017,-0.20710999576980305,-0.010922265936747326,0.3479643826553504,-0.032902012321477186,0.08445768840185794,0.12346793523224824,0.15231695344701296,0.08135831275895823,0.24756502629969496,-0.03167034803258641,-0.0017357388749263515,-0.06304160866082807,0.18311670127477578,-0.4639821543912827,-0.38542511217786596,-0.019616697940855264,-0.2580077880060126,-0.19097212587880225,-0.01753636071187886,-0.06294828724693494,-0.0006424901544516443,-0.2421376194055818,0.15765556222885732,-0.03456206266002082,0.04949807110108458,0.10717462690507998,-0.08190172238200963,0.08141326621412559,,,
Cleithrum,Huso huso,L,1,11,0.10833054142525528,70.74840387625736,0.17534621954665813,-0.0710896200221417,0.10387377554813883,0.15601580124758202,0.09653281972722166,-0.18703804718686295,0.05099273556059652,0.3174694694352282,-0.034687017725469914,0.11841803701858689,0.1501703460365217,0.1274156602117151,0.10038322110763812,0.24678895367072634,-0.010189460309554296,-0.010970085696815695,-0.0455792423691311,0.2058789982311377,-0.4621941180570645,-0.43414824059610285,-0.06279737275870849,-0.25609483177788833,-0.1942734538671718,-0.013641230290673758,-0.1115777229596302,0.00018936751858596995,-0.22386282987389114,0.15194752955145127,-0.02100262112553482,0.017549263755236962,0.08773321445888584,-0.04505777840820153,0.07749826039893218,,,
Cleithrum,Huso huso,L,2,11,0.12548538402083806,52.23948663487196,0.18009737999825653,-0.050042522587939356,0.07563374514923173,0.1662629077215576,0.11659136655778914,-0.17358371906884532,0.03892937038047956,0.30931216471375167,-0.05007693803497491,0.10277469300757044,0.15504047986181868,0.10874079153678874,0.1146733157490236,0.2002624260150773,-0.013167638964410287,0.01603858115976397,-0.05585260534391389,0.2158442373879132,-0.49367026490932026,-0.4384377022259301,-0.0709997625278195,-0.25743470053862855,-0.2003106330370881,-0.012538246931094123,-0.10109843274512202,0.007052801405093481,-0.20242548656494377,0.14848991774170783,0.0012987521830519675,0.04029013307629047,0.0849372324347112,-0.04491452754171068,0.08228288494186338,,,
Cleithrum,Huso huso,L,3,11,0.12435442209696658,62.267237463969565,0.19015746308929812,-0.04571237788136904,0.0985915780297912,0.18024133585182303,0.1344437666449442,-0.18337291836442215,0.025068496783519054,0.3087517664299602,-0.032339139150199314,0.11089628562118824,0.14725472641952356,0.10463276692118424,0.08850073723853477,0.21984239367430933,-0.009619272962043356,0.010625164681649864,-0.04649774252451932,0.20335222636664108,-0.5016986494427592,-0.4106593490555604,-0.07157694323935938,-0.26522559189162764,-0.2062813874253818,-0.015292812053233368,-0.09192904287254043,-0.031748251863853945,-0.1888674593120596,0.14319991155075049,-0.01864152665048496,0.013542351393799675,0.11016388939016371,-0.05075201776756782,0.08094962236990096,,,
Cleithrum,Huso huso,L,4,11,0.11374101051079531,62.84082369260248,0.18427212694856263,-0.068037441187795,0.09407585350374537,0.18192607296388882,0.1397565089166543,-0.17298641701444167,0.01849517769897894,0.30987513905002817,-0.03012913866622381,0.09826333923431724,0.14853150720989045,0.12757524708939239,0.07802360931397001,0.21718199894989101,0.009967029148437436,0.004376341378023383,-0.05438769342196484,0.17099182380755978,-0.5127348164886326,-0.40367180789246304,-0.03936639067710211,-0.24818935126087058,-0.1940966919202786,-0.018511054290978626,-0.08475762792998802,-0.043525167305748805,-0.23281744887706565,0.17098211917682857,-0.0028521385577958023,0.021674190237396963,0.10934300896492133,-0.04877421384041796,0.06952630573927937,,,
Cleithrum,Huso huso,R,1,11,0.12838619002834128,69.71709507695925,0.1649203054045802,-0.05840952447460084,0.08201354065019738,0.17353345941741405,0.11393794102339058,-0.17940313226270382,0.06327665414304573,0.31079110762238127,-0.014695551741115549,0.10618529541726311,0.14340938308413517,0.13458372731848134,0.11314077956461267,0.23917978964627334,-0.054444705245433496,-0.015152342412244422,-0.05168485898605096,0.21462881401990977,-0.46318170461208313,-0.4513708167713143,-0.05905508014152371,-0.24844475731437257,-0.16862747868869093,-0.023945999929030386,-0.1262130557051444,-0.011588068564605135,-0.21751394991669487,0.14538530632240318,-0.0214961033676469,0.03857394509916133,0.08655005977452561,-0.04414137052327121,0.07925839214875216,,,
Cleithrum,Huso huso,R,2,11,0.13939509544271386,54.25504220689106,0.20062632959151983,-0.01958693513816259,0.08443717796152177,0.1740568439437927,0.11620957240259318,-0.16382943829889632,0.023100534078324554,0.3019968839902516,-0.03156868636006312,0.09313077000966563,0.16353080556693605,0.10294220392765047,0.10132777587239947,0.1987103402075428,-0.031396026530341056,0.0105063511205399,-0.0718074187806553,0.1960657907571843,-0.5175100653573929,-0.42349238233378167,-0.05407974004470665,-0.2536947412698817,-0.20741900629733565,-0.018283890673417912,-0.07786507179955407,0.011429157528965261,-0.1984917055194984,0.15998472463931937,-0.004593451359780879,0.03269275866296427,0.0863365491712671,-0.06497756578657275,0.08151155611760233,,,
Cleithrum,Huso huso,R,3,11,0.16169692151692625,61.84487114849022,0.19870707286889486,-0.03787459469984187,0.08841656684170662,0.1660286540968206,0.14313989531152732,-0.18606339375772193,0.017050111495954267,0.3035098526828587,-0.04849771898190398,0.1104277595440091,0.13254908317194936,0.11218909995242399,0.09519319799985596,0.217336654056545,-0.03220507267400895,0.02562484134796518,-0.054577947137895245,0.2045054606504386,-0.514350148793433,-0.3988396039067987,-0.08769020173404843,-0.2457215058529124,-0.20632993271147518,-0.024767422848182542,-0.1110320769235371,-0.03681346026245009,-0.17501974891462688,0.15029431254168177,-0.011670870260272059,0.047326127590346816,0.1077777816747006,-0.05042907624414719,0.1018063038755772,,,
Cleithrum,Huso huso,R,4,11,0.1287939064666829,62.43588712996817,0.20767547751733031,-0.031485886406816696,0.07917800050518471,0.19626534693419262,0.12224233120255289,-0.159388260862431,0.01723233096307892,0.2984054760796643,-0.013157445423753748,0.0901680633520079,0.14356884137537895,0.12828259373898052,0.09108546422161078,0.226045945166646,-0.009427331336397431,-0.02073310543370564,-0.0636428478929707,0.1882380153294748,-0.5165409381219007,-0.3992421283325986,-0.05081937330287812,-0.24400250018042896,-0.18967789813214397,-0.009710187219551213,-0.09955001842913198,-0.05917824358409742,-0.22295952857619566,0.17488757817747755,0.005819719072152612,-0.0008008172120173519,0.10351230099946919,-0.05285530854776744,0.07056433435958462,,,
Cleithrum,Sevbel,L,1,11,0.13254543459396248,92.57501044936764,0.1732790088660788,-0.04083143939732049,0.10048399337797104,0.19217982626596627,0.08829797905122212,-0.2054204628596788,0.02025525978634693,0.2952120608438737,0.01955593617620907,0.11222184306718856,0.14329997133651184,0.09238801595986534,0.10712088543330733,0.23595722114926593,-0.04806819318200252,-0.03257585452528603,-0.03086413388409658,0.2058140661340984,-0.4781480478548509,-0.4101940024676228,-0.0671095909927861,-0.2386194107309688,-0.22533779463783746,-0.008809380355271002,-0.12777064758527928,0.012998920046478634,-0.2251996496729125,0.1637482453359426,-0.03981010417205724,0.04371101146811417,0.10830889194155466,-0.028728677868417523,0.09265425394639284,,,
Cleithrum,Sevbel,R,1,11,0.11140699775034522,97.21099669223007,0.1585826027502761,-0.06892382953236321,0.11648633191845706,0.19437702505361099,0.08950615284773487,-0.20008082567109672,0.011557527286542016,0.3443264714800866,-0.023755989085004328,0.10884230249636252,0.13909679197464253,0.1046525545243306,0.09527495243698209,0.21967132242968257,-0.009257454649444337,0.014475495270918548,-0.03987083798539456,0.18833308379005634,-0.454351318699156,-0.4097682668103119,-0.04617361979578301,-0.23601293194457224,-0.2168836377612098,-0.00040274941767365986,-0.1233814906617793,0.042041377453839034,-0.27439024095015496,0.1326009284428965,-0.05005294697655005,0.05574286576054707,0.09803490756791887,-0.04914259712015629,0.08884604357576585,,,
Palatopterygoid,Acipenser baerii,L,1,7,0.140045238634779,23.764725765964958,0.04306710547791025,0.5135365587200348,-0.020205588563319166,0.011775061554739534,0.12065415973424329,-0.12947827304606638,-0.34341850684592123,0.2895567258367957,-0.053245306778525285,-0.07228999420326668,-0.30829201646536697,0.3228028955541976,0.15292172225490602,-0.39920749654922505,0.1521118990377563,0.1288262004935014,-0.15411210870108535,-0.12807464579296485,0.07911841126813059,-0.06213582257539647,-0.1439109804110781,,,,,,,,,,,,,,,
Palatopterygoid,Acipenser baerii,R,1,7,0.15445920516530712,23.104056405839913,0.03153307620202445,0.5048231778334821,-0.046870810561529766,0.01908269926856505,0.05165724445696038,-0.13248378747749334,-0.3413539045597929,0.2945671217800396,-0.023203829919225327,-0.08541481734359965,-0.2893127072337604,0.35591703532214863,0.12134081318954847,-0.4323857143067448,0.1251612325411243,0.16372315750193242,-0.076268999346125,-0.14042077776250694,0.09108897574132217,-0.05308012318385216,-0.13809906214251733,,,,,,,,,,,,,,,
Palatopterygoid,Acipenser gueldenstaedtii,L,1,7,0.07724231105374586,18.0491373590219,0.011920779915307222,0.5399512338370644,-0.06074897133751415,-0.0013164483059943772,0.10762102734248949,-0.11641029513829523,-0.29909953150824997,0.2548045578061597,-0.033315007340945786,-0.07339769277361033,-0.2878686699753244,0.34025739618353257,0.12036587523681215,-0.4484524084656636,0.1137339358047726,0.16153158274911764,-0.17104366339644317,-0.12288711878103534,0.07999543468661742,0.004987922851718324,-0.12062993939051488,,,,,,,,,,,,,,,
Palatopterygoid,Acipenser gueldenstaedtii,L,2,7,0.07805023407053145,16.435112427218044,-0.042879589472329734,0.5285344633716991,-0.02596180150616928,0.001889541359135251,0.11312526639205632,-0.12128563295468078,-0.25862266504404,0.2847358956376649,-0.052290352444314216,-0.04899748917509862,-0.2691498030799838,0.3279636955708794,0.09377622689481903,-0.4630241401881386,0.1505129380180262,0.17388853393168954,-0.18541012439455656,-0.1672509934513471,0.08094544150582358,-0.008811557738741994,-0.1116878532323941,,,,,,,,,,,,,,,
Palatopterygoid,Acipenser gueldenstaedtii,L,3,7,0.08379889364617862,19.48882183622586,-0.020532774416417005,0.5106623715443295,-0.03475285540346909,0.011575043231327431,0.12705754517045115,-0.1396267272195584,-0.29994980516101066,0.28151953457944157,-0.02577644184415412,-0.05927327824292226,-0.2726150140048836,0.322637985813201,0.09210549960695238,-0.45373325282250876,0.15803802636124803,0.17457764409022147,-0.16809520885661222,-0.16921908563704638,0.10149767089184837,-0.024795975610217864,-0.11130090207022089,,,,,,,,,,,,,,,
Palatopterygoid,Acipenser gueldenstaedtii,L,4,7,0.10085330882037653,15.609732600878253,-0.030993175668586413,0.5471184815658473,-0.05699872242600784,-0.020687512089343302,0.10298720524720607,-0.11690161881604456,-0.25358692082942236,0.25946683630605155,-0.050060694661358436,-0.03425940248888498,-0.2902341201482769,0.35167958034384966,0.05919592114988915,-0.46802195213202896,0.12005744277963605,0.1792959851803454,-0.13012996691115739,-0.14767149970966426,0.10103510474600284,-0.021186483927640838,-0.10010448751041054,,,,,,,,,,,,,,,
Palatopterygoid,Acipenser gueldenstaedtii,L,5,7,0.11894571021942077,27.034175859614635,0.016076888604162856,0.5500546240653318,-0.06006772566175327,0.016028963843178333,0.07981205014570934,-0.12860281144847746,-0.2968550583011692,0.2357249249370891,-0.027632521419248622,-0.06389866120488068,-0.2909623695579646,0.33678238024181717,0.09743352259260478,-0.47279792041460517,0.1432026321337777,0.14317772056952727,-0.0822548632829312,-0.1385063175503497,0.0880366238965761,-0.019576445892628667,-0.12517563629576628,,,,,,,,,,,,,,,
Palatopterygoid,Acipenser gueldenstaedtii,L,6,7,0.1155818590709989,28.031808028554067,-0.012348838732188493,0.5274210175231995,-0.02146838356018072,-0.011535145943716043,0.09497419618641162,-0.11516779647834928,-0.25818128570127635,0.26079464875377606,-0.04558219439467691,-0.0760158650336626,-0.29507705071261847,0.35397162442347757,0.1022503856601291,-0.4372822038036553,0.17230977010819915,0.1669468037661325,-0.1292957526024008,-0.18615628191746716,0.08888394598458153,-0.021534855344713125,-0.15790673818100245,,,,,,,,,,,,,,,
Palatopterygoid,Acipenser gueldenstaedtii,R,1,7,0.10292138474875238,17.524207145854888,0.0005731134207328482,0.5428277064763769,-0.04681498215240942,-0.010016516689307321,0.0541954793393552,-0.11227337806793616,-0.29046031215739243,0.26254621290008856,-0.032839310349326946,-0.07149328240966084,-0.27266852611603165,0.34813518553244455,0.09959868836083717,-0.46044134135993026,0.12857519268816534,0.163797518483307,-0.12199718089130704,-0.1480633590193943,0.10800079099148284,-0.004462350348552035,-0.13671934863154275,,,,,,,,,,,,,,,
Palatopterygoid,Acipenser gueldenstaedtii,R,2,7,0.10638740021480338,16.272275183723735,-0.020433553847889772,0.5115891632228634,-0.01227343894492137,-0.025897782947176904,0.13995151838978298,-0.12023591216536732,-0.25508724068949246,0.26676496268004357,-0.0853688867128142,-0.03516510058328395,-0.26230524383701137,0.34349247366559915,0.09931656292107087,-0.4923102149285431,0.14892217130485202,0.16274507361267967,-0.16328610372425367,-0.15526678230216415,0.07452204153409235,-0.0004040818028822216,-0.11926962484518445,,,,,,,,,,,,,,,
Palatopterygoid,Acipenser gueldenstaedtii,R,3,7,0.08509349242505379,19.176476350857694,-0.026024474601787313,0.5244385282271177,-0.03015768279962779,0.02146070606953559,0.08634498601662857,-0.12590302564714326,-0.2933042253774379,0.2859243462941529,-0.041508209553221403,-0.05022729936866102,-0.2594120605473866,0.33981052847768045,0.08111753033325733,-0.4657149573936777,0.13914545585429108,0.18825974810952642,-0.13280668043141708,-0.16913357859434897,0.07871801483556692,-0.03877416216541738,-0.1122534877376309,,,,,,,,,,,,,,,
Palatopterygoid,Acipenser gueldenstaedtii,R,4,7,0.1040060081904775,15.824078019456735,-0.014473488635026628,0.5422770188587654,-0.040457419453594136,-0.014564483150032346,0.09242201550822986,-0.13066522658284493,-0.2506003100784505,0.2450765267841946,-0.04188291925633085,-0.061866220040417724,-0.28469077933182657,0.33573650354723966,0.09460163322135916,-0.47878990779813746,0.16400600050368064,0.1579092290113956,-0.1235363272889849,-0.17238935918320517,0.08899363967117241,0.007241453267760255,-0.11434757957494542,,,,,,,,,,,,,,,
Palatopterygoid,Acipenser gueldenstaedtii,R,5,7,0.10597024934107113,26.53333206596888,0.019839171234197518,0.5569031445223067,-0.0585522062130374,0.0006826125899401022,0.06629684488129259,-0.11815966336080386,-0.30514964164586456,0.24345710235431256,-0.02640627335195885,-0.06584403371866772,-0.2801411036344044,0.3336722684467459,0.10103328870759976,-0.46407351571035155,0.128837114180923,0.15688332004142935,-0.10559477658547371,-0.12677534556087192,0.0925552827913657,-0.016847695827682217,-0.13261589414099717,,,,,,,,,,,,,,,
Palatopterygoid,Acipenser gueldenstaedtii,R,6,7,0.07948839336302352,27.244876640271325,-0.0163520403119448,0.5276582764781462,-0.015402462079357538,-0.016849349453116218,0.1179748860665064,-0.13312260616053104,-0.2721613087817396,0.2813318431184988,-0.040358470606216286,-0.07398695056561506,-0.2738436771606429,0.32779302574373775,0.11917064489423732,-0.441113481853801,0.16327785934148978,0.1635816330552801,-0.1621031034375808,-0.16573479913895126,0.09659737116289831,-0.049904743211126486,-0.1364525471001715,,,,,,,,,,,,,,,
Palatopterygoid,Acipenser ruthenus,L,2,7,0.18103627038495756,15.273501611705408,-0.05231341100435302,0.43437725183125336,-0.057948640781878155,0.009724271791179273,0.1523102248271518,-0.11970481113363965,-0.30480964523496884,0.346346148520403,-0.022130781750143963,-0.05391645613215125,-0.25758714934206844,0.3690929077272153,0.06845215596289903,-0.45874498583167916,0.09064878650782725,0.23231412458458933,-0.1525525901722223,-0.13867615217776255,0.10054896003280564,-0.06414889983283804,-0.1212813083916182,,,,,,,,,,,,,,,
Palatopterygoid,Acipenser ruthenus,L,3,7,0.1831502009767004,16.972436252222288,-0.04643907177154274,0.4462291632122993,-0.015758958752974627,0.026309344012655656,0.12358369577853132,-0.13207010308410236,-0.3154484761298124,0.3530197401068151,-0.011299868492843111,-0.0888092335304345,-0.25018288850966136,0.3315703429253634,0.11178461276901193,-0.4255091024947424,0.15962584366830418,0.18530550684598976,-0.16400945796427363,-0.19661137726425093,0.1272973178041326,-0.0831311501289691,-0.13545587899949565,,,,,,,,,,,,,,,
Palatopterygoid,Acipenser ruthenus,L,4,7,0.1588364074427215,20.37326205289162,-0.046644008924842176,0.4731797526236208,-0.04512857739265842,0.030461739749406712,0.09845877521648785,-0.12536083954970548,-0.3151575095706284,0.3753928248293749,-0.024857699162929535,-0.058858955610063754,-0.2608483582828119,0.3248982277562284,0.10344487391348582,-0.44150526695846143,0.11319337050932185,0.20327936997677282,-0.13770152439213934,-0.14401304725879965,0.08347449046586926,-0.10697620303606979,-0.09873143490145705,,,,,,,,,,,,,,,
Palatopterygoid,Acipenser ruthenus,L,5,7,0.16372436853778485,15.205539406807569,-0.039831758686196136,0.43044157249653,-0.026648801957087263,-0.025267470855378355,0.14372262638165675,-0.1309084171648094,-0.28518781026291473,0.38340109739791256,-0.05190277868121306,-0.05142426288377734,-0.2706855887720045,0.3107538308984789,0.13120415514402198,-0.47332460707852975,0.15258044016706476,0.18475851626903536,-0.17537328085009646,-0.13057345116801186,0.08574863127520928,-0.03818181957546868,-0.12330082209442257,,,,,,,,,,,,,,,
Palatopterygoid,Acipenser ruthenus,R,1,7,0.1699036017196304,26.188914392845938,-0.04319900947452873,0.6172347259548719,-0.0884563904795377,0.042802732973118575,0.09164495511722184,-0.1115334533497926,-0.2678121107766677,0.23347239081453566,0.014654033802415492,-0.09161567606978843,-0.2577051127348817,0.30351466355461976,0.11235105926974781,-0.42424219453938444,0.07853483618442533,0.13079430194317102,-0.2006058520825288,-0.11605351840102017,0.11667870213494756,-0.05979891252983415,-0.08066017131111046,,,,,,,,,,,,,,,
Palatopterygoid,Acipenser ruthenus,R,2,7,0.201638989864684,15.573110332747374,-0.10299382162160615,0.482627351589181,-0.051361184713441276,0.0023557566561983882,0.12577055323938632,-0.10660790561490897,-0.2454669764964721,0.3717859889786707,-0.050949236951509054,-0.050094266452195675,-0.2342394495954279,0.35312803658592345,0.10559062413925026,-0.4595100134869127,0.04035575034851174,0.18222460682984667,-0.2341452477687778,-0.09490672572452928,0.10838407694497852,-0.05228918295611965,-0.08965873393004646,,,,,,,,,,,,,,,
Palatopterygoid,Acipenser ruthenus,R,3,7,0.17616764402625001,16.51080801490558,-0.024340013411761497,0.4493945311100033,-0.019602163043584534,0.020841107405371116,0.1264058692998016,-0.13428659559618372,-0.3443327148069693,0.34229634545732956,-0.004253165239280181,-0.0852402250594338,-0.22625431112143712,0.31610575951983927,0.11446302787538694,-0.4422232076869574,0.14846677691922197,0.20110695365556128,-0.1711086407501647,-0.17713563611524386,0.11750186434184538,-0.07851058630857614,-0.12929497644476778,,,,,,,,,,,,,,,
Palatopterygoid,Acipenser ruthenus,R,4,7,0.09820182716114949,18.962104321417744,-0.03775113035655322,0.5019289005923085,-0.032874683229476745,0.007233207553441169,0.0829404428924878,-0.12515779713059158,-0.2919719694844582,0.3240495849904631,-0.027378968650121897,-0.07211163565413717,-0.2621327403264441,0.33639112221756406,0.10700497802915292,-0.4534527670974169,0.13728682765490638,0.16878282280105947,-0.1502250893256073,-0.15812195344083882,0.11881372711149525,-0.043108331725790275,-0.13014454742144135,,,,,,,,,,,,,,,
Palatopterygoid,Acipenser stellatus,L,1,7,0.20747647946112732,25.35507206849051,-0.0009932580946997447,0.554494176777704,-0.07717262124665805,0.01792030019424173,0.10328566373265788,-0.10977651181610422,-0.35059032716934824,0.27809223422029145,-0.006817317600162682,-0.07909286704247248,-0.21660578621363993,0.33687168820211394,0.11438278808593666,-0.41538773478508695,0.00483181825925163,0.18668749385698233,-0.20838653214566083,-0.0817781754648835,0.11168587016936042,-0.09549202158626502,-0.06615888033355737,,,,,,,,,,,,,,,
Palatopterygoid,Acipenser stellatus,L,102,7,0.10661052937827933,28.356844471930653,-0.012693763604971795,0.5547725156602811,-0.06429303699431584,0.02121853297340003,0.06554414170842932,-0.12831165621133833,-0.3025829889293535,0.27203985892135707,-0.004725417967917567,-0.0791526111143834,-0.26307648116602955,0.3478734561858752,0.09774956077794994,-0.4417840150531012,0.08695196596586402,0.18643888318064777,-0.1378037465235406,-0.11615820641026371,0.08902238671671062,-0.049692273547397074,-0.1213371045679035,,,,,,,,,,,,,,,
Palatopterygoid,Acipenser stellatus,L,103,7,0.126523630541967,24.769981968813852,0.006918607558561041,0.5803387672864999,-0.07151662151534477,-0.008265860617142896,0.08572594450764774,-0.1045773828612007,-0.3209756167583218,0.2582160737484128,-0.0017839938522786988,-0.06562908233284222,-0.24806132200725642,0.30369638814839606,0.09472745299718,-0.4396236535870726,0.09014379456389247,0.1959522319972122,-0.1523378009484041,-0.10249494666643362,0.09727226715535356,-0.08425800899982654,-0.11346723781703084,,,,,,,,,,,,,,,
Palatopterygoid,Acipenser stellatus,L,116,7,0.19184672020654026,30.44519979146452,-0.08802530222621285,0.5054404206125523,0.017238353460827884,0.037106781055616586,0.12422050827142943,-0.1385077406421194,-0.28535291464873497,0.34656315181160696,-0.03910817825834974,-0.03879660593881773,-0.19748584546676454,0.30542648418475243,0.08754360420683518,-0.4388217602450289,0.12222016766279335,0.20162395683884776,-0.2288692964518018,-0.13619216776460238,0.08590048071246621,-0.11104717853199281,-0.13107691864330206,,,,,,,,,,,,,,,
Palatopterygoid,Acipenser stellatus,R,5,7,0.20079690858995117,26.01567189550431,0.007984409889283728,0.5841021813699746,-0.05530697716735257,0.018290676581632984,0.08865845023417303,-0.1093902993825813,-0.35528088261759916,0.25606442342940455,-0.0188291948277988,-0.05980138358602342,-0.2093504760039363,0.323868763603328,0.09679695243615113,-0.4127856171721634,0.02553385456141046,0.18771616561137439,-0.19647707883104293,-0.08852968491314556,0.10429406168518039,-0.11021188302640963,-0.07734646187386027,,,,,,,,,,,,,,,
Palatopterygoid,Acipenser stellatus,R,103,7,0.14284594660035088,24.230655613774726,-0.005722326737601841,0.5787162017069625,-0.07155489507962315,0.0016308503494509364,0.05791970522234711,-0.1045379055756738,-0.319417994331404,0.26391630934629373,0.011815915487341691,-0.07764630576894448,-0.2344472212858047,0.31075659690816343,0.08939955357042406,-0.4379134779722407,0.0854107008235766,0.20566969238917243,-0.15096298444375086,-0.11870897945071922,0.10608653052890278,-0.07722853257380694,-0.11318143311306586,,,,,,,,,,,,,,,
Palatopterygoid,Acipenser stellatus,R,116,7,0.18023372121299946,31.14538403158644,-0.07531922851241486,0.5187029259563535,0.014557986508505979,0.02290989627888257,0.11722429833366378,-0.13475419623392096,-0.2916252865905603,0.3423015892910831,-0.03177916145299354,-0.04247081016579205,-0.2011172303180081,0.27915858008935,0.0971719100228248,-0.44208557243940927,0.14591186767572747,0.1829549736314678,-0.21669540490301445,-0.13967177269373746,0.10637854533559224,-0.11833060592066802,-0.13342330389293156,,,,,,,,,,,,,,,
Palatopterygoid,Bester,L,1,7,0.08214710652898186,29.83765087763449,-0.010112710508246437,0.5261902088601346,-0.030255329289181447,0.005127465707489301,0.115308090943734,-0.11083340821671045,-0.28112684007437466,0.30867572241990515,-0.07413811970460411,-0.041181152313812135,-0.2755462362680125,0.2899137737657195,0.14056388531019096,-0.4802454822812358,0.15658251755577787,0.1503401479977848,-0.16793320567370784,-0.132014682826763,0.03638920388096792,-0.026449098000817402,-0.09925475128423827,,,,,,,,,,,,,,,
Palatopterygoid,Bester,L,2,7,0.12975858657287617,28.455774104908166,0.03011632234564429,0.5214208330211754,-0.03326733054246687,-0.021156002460786666,0.14462903314761982,-0.12249158819740445,-0.2907636732522042,0.23401575662245988,-0.04810403920809605,-0.059343289809037816,-0.26341633682009097,0.28798369416284036,0.13030723998726626,-0.5019226687437308,0.1904085058435337,0.15800395803631095,-0.14468837628074888,-0.15510145178059134,0.05283544515280726,0.009961759053315672,-0.11942779027781517,,,,,,,,,,,,,,,
Palatopterygoid,Bester,R,1,7,0.12176967957157893,28.421132501750517,0.016752860995516535,0.5357140589119456,-0.03886393582632191,0.0212038729795855,0.15163856291990557,-0.12981068025145154,-0.2793947132522037,0.23624633179121862,-0.04978658629767759,-0.06659776324254496,-0.27837636116131326,0.29769473198688473,0.1459148232216188,-0.48070785831539903,0.16940909430788614,0.15146091825904057,-0.16818321042402845,-0.1428437955340394,0.010660001038986915,0.0036684762776712163,-0.10579882838528111,,,,,,,,,,,,,,,
Palatopterygoid,Bester,R,2,7,0.11546472610128129,29.122592889632834,0.00030531598551090136,0.5099357649844991,-0.05044747944006365,0.013791398039329397,0.17528265813818186,-0.10453340987497976,-0.29516885425843187,0.27599819954995436,-0.05048388057408235,-0.05606324214757699,-0.2516247361491186,0.28754951243185856,0.1447055745366488,-0.5007015176693955,0.14172970638543508,0.16599972482365924,-0.18711700652648053,-0.11787135279935085,0.02643008302086027,-0.021773362327640697,-0.10594309612881686,,,,,,,,,,,,,,,
Palatopterygoid,Huso huso,L,1,7,0.17656354371066715,40.48509205267143,-0.01355690103417699,0.5605980403654641,-0.09300352207600975,-0.021366105315879014,0.1542722252005411,-0.09834249624710888,-0.20131668201351552,0.26861717696520493,-0.06939471145846886,-0.0350833550719405,-0.3548031933990534,0.2812170293954824,0.14180543125818942,-0.47601469541404895,0.14855113666156264,0.12436910777921434,-0.14322376527468406,-0.07668650684986068,0.00514850439810827,-0.009445788443423503,-0.09234092942559691,,,,,,,,,,,,,,,
Palatopterygoid,Huso huso,L,2,7,0.20380908478577048,33.027594866317486,-0.00378867632610984,0.585904880179123,-0.1016021704419878,0.001955552687842064,0.15864839511573128,-0.10052560721807581,-0.2055399762119547,0.21395919601520458,-0.07050887233885228,-0.022853012850274374,-0.3488842510228806,0.29775907452749,0.11593788229751086,-0.4816435096841223,0.1251313118926869,0.12309598582186618,-0.13885019275585345,-0.06502044637716856,-0.008807755418880346,0.010865482152797677,-0.08523329004409254,,,,,,,,,,,,,,,
Palatopterygoid,Huso huso,L,3,7,0.1915004348518458,36.226229533493445,-0.00696590641778942,0.6123644794470796,-0.07291677578709149,-0.03527173549067447,0.09432228315285274,-0.088017669097151,-0.20064502559212707,0.26026535021843483,-0.07766713067872612,-0.034705879532042586,-0.3349916597548732,0.253183751435998,0.1504403426657279,-0.4505570043010846,0.14975513401054233,0.12701715345833647,-0.17987943890198194,-0.09070344557014998,0.00013105090856971297,-0.0015240098604275886,-0.07363386431342187,,,,,,,,,,,,,,,
Palatopterygoid,Huso huso,L,4,7,0.18665559875195237,37.81043199982841,-0.006808264482669038,0.5839296728572699,-0.07177825577951231,-0.044999291185573866,0.10718851344384217,-0.09188149143569246,-0.18763765906331906,0.259570084689943,-0.09687309029171846,-0.0295136463924975,-0.3360815354995417,0.28947751186116805,0.14532035068767604,-0.4846525499675586,0.14129678991792663,0.11858209597679548,-0.13308053447462312,-0.08773820704937305,0.005056414459588076,0.003126348950668227,-0.0825032572227982,,,,,,,,,,,,,,,
Palatopterygoid,Huso huso,R,1,7,0.21377459053977413,40.15125117477733,-0.024799325392966514,0.5722017475447144,-0.0875639654770435,-0.011029101390857705,0.1570530477721087,-0.09027103445795386,-0.1699639849286863,0.24459850366828975,-0.08066543710204847,-0.03586742985880867,-0.3527049666980302,0.2847267331949627,0.14644539103581888,-0.4803585686809372,0.15028829693843737,0.11042820225670884,-0.16107535774998172,-0.07711353031847988,-0.015213751721208525,0.020285594143836034,-0.0994010627778741,,,,,,,,,,,,,,,
Palatopterygoid,Huso huso,R,2,7,0.1825495536788371,31.61311566524652,-0.016415316898874075,0.6109708486656303,-0.064902126866733,-0.023073291191823088,0.06560237231254941,-0.09313204512903253,-0.1995609433734024,0.27127454339427926,-0.0691528389081384,-0.038365119518745466,-0.31561550912657327,0.25110107119971864,0.1475080613928521,-0.48117125596607496,0.1662910910119875,0.11242788771117294,-0.11430714908891777,-0.09430681908953277,0.017478721878820214,-0.03675385019089305,-0.0958983322182695,,,,,,,,,,,,,,,
Palatopterygoid,Huso huso,R,3,7,0.226987753808197,35.195612347440296,6.693965037468688e-05,0.6111919733904699,-0.09669815554842924,-0.060227335527412065,0.11192357507462754,-0.07392524375296372,-0.17768707722003302,0.2462170859227019,-0.07834544243942108,-0.04413678990333859,-0.3341927229282136,0.2558506261975821,0.16745040552168658,-0.4709701127006006,0.12660701072277264,0.11981697840107673,-0.1697871103726908,-0.0640936625896161,-0.005283120922354118,0.0056173116137051195,-0.06939513258992426,,,,,,,,,,,,,,,
Palatopterygoid,Huso huso,R,4,7,0.2182040754302252,36.87405683346062,-0.026837097612584782,0.5773010922022894,-0.11058842338016527,-0.006746961553771168,0.1349691522842146,-0.08562802897616385,-0.1703842591969834,0.25569480723275206,-0.07622751210033309,-0.035725582491677295,-0.3547769990557335,0.2873385290606262,0.14172903361360745,-0.4890519812081754,0.1287419658246519,0.12050790979398983,-0.1300091203705646,-0.08003251383490244,-0.022543042552580165,0.005873048915217538,-0.06360401659371374,,,,,,,,,,,,,,,
Palatopterygoid,Sevbel,L,1,7,0.10002562023275074,40.84869238825603,-0.0019089048829488966,0.556075695688609,-0.00197236210882686,-0.012830889899599858,0.11454170222473435,-0.11920298932771829,-0.2883542274375061,0.2793726173474598,-0.058879862272559313,-0.04808247348236706,-0.24251400334252027,0.2732223981215558,0.13512278789852267,-0.4611201660080072,0.16763453789985974,0.16485464297597072,-0.1927999076646098,-0.13088791243193623,0.051199064827928596,-0.05355593824566616,-0.12991380988037438,,,,,,,,,,,,,,,
Palatopterygoid,Sevbel,R,1,7,0.12532916523838283,41.35197371305617,0.008149327580032005,0.5510563022023306,0.010611493231036696,-0.052349344359783924,0.11270676857019288,-0.11732818228721525,-0.2839558035206579,0.26083995470630883,-0.059359094863333295,-0.05846168708222877,-0.2334636405284533,0.29346994897865974,0.13217488159443477,-0.4543065315576553,0.1646262257643326,0.16259272914499381,-0.2016120190426808,-0.13289253754185082,0.09184989664320982,-0.03522083435004218,-0.1591278532816298,,,,,,,,,,,,,,,
Pectoral fin spine,Acipenser baerii,L,1,7,0.20981003386598274,23.102277615666274,0.033140078157986634,0.046163317068718956,0.06777496813748153,-0.002931323861560173,-0.2440909096995775,-0.45766537582994266,-0.30190634344953754,0.056302627566663835,-0.1159479128545367,-0.4171454364622718,-0.24374539603151357,0.05776482053408794,0.2992795294475393,0.05887356009633811,0.051982415208937,0.22907644476582123,-0.01576263262063146,0.2644072554210967,0.16048705140202169,0.3422594336200023,0.13168382938287615,,,,,,,,,,,,,,,
Pectoral fin spine,Acipenser baerii,R,1,7,0.16416275929215174,25.788517878752558,0.040749387271391296,0.036612937413890406,0.07592579268852197,0.05981532642730057,-0.23648104210216545,-0.44758307331053176,-0.2327640135288736,0.10295412573440625,-0.0316108969433677,-0.5190257007500879,-0.2898253937805673,0.07588993061549457,0.27624754173061167,0.06082604273204208,0.006480091032733329,0.25379293470733877,0.032066674928608034,0.22551019291520152,0.12118452414231916,0.2938466550737865,0.09538796300194825,,,,,,,,,,,,,,,
Pectoral fin spine,Acipenser gueldenstaedtii,L,1,7,0.09818845290766469,18.794208613429507,0.03039930412232189,0.03910355559350241,0.032548194976635005,0.04062830815454646,-0.19370051383759668,-0.439467609322941,-0.2781652000072204,0.08412218928366039,-0.12861873599285892,-0.48579012124132215,-0.2992545302115429,0.12329606581627564,0.27881605244529417,0.07211346344791973,0.06332784482039867,0.20976520860567488,0.019736370036234782,0.24948204174411812,0.20434644792070508,0.2778794656878219,0.09943219795837237,,,,,,,,,,,,,,,
Pectoral fin spine,Acipenser gueldenstaedtii,L,2,7,0.1129289132671912,13.48638905325433,0.08018688595380156,0.04241339608422837,0.07065903629136605,0.0740529680220389,-0.18813233912690122,-0.481010553473879,-0.23274982826072113,0.115229586916762,-0.10613721396817526,-0.5029158711518843,-0.29649167112723435,0.160522258971747,0.2782200693702638,0.01696724912593497,0.04812459949899649,0.1995891484373468,0.030408675130340297,0.23184927447665166,0.10361662762915422,0.2796051029968715,0.07599259820329318,,,,,,,,,,,,,,,
Pectoral fin spine,Acipenser gueldenstaedtii,L,4,7,0.12714140609714894,15.419146406357136,-0.007879908233368321,0.036652943673665415,0.025572441334767416,0.021830269970038344,-0.21491711129452112,-0.4258910752916919,-0.24975513595608909,0.10857700611432042,-0.11834709253998783,-0.4781621435641341,-0.3271062607526985,0.10737865693495094,0.2952656451469839,0.0719280130407148,0.048248589020362796,0.18057350202883565,0.048359828727317374,0.2356652009713487,0.23812777060773332,0.2765055804912012,0.12737327957024971,,,,,,,,,,,,,,,
Pectoral fin spine,Acipenser gueldenstaedtii,L,5,7,0.13850266416005802,22.626817956717783,0.019434418833988297,0.06228769255914053,0.025493495084970896,0.1125701513455249,-0.19673194400526253,-0.4217326910526546,-0.2850277396810367,0.1020410267987937,-0.07605968288389026,-0.5077617685732706,-0.28716528946376385,0.13973871982645775,0.28867066975073347,0.023254768057644544,0.014739472832784265,0.2287655898844385,-0.01421810052315985,0.2063396385909173,0.1433486784396222,0.31053184657660804,0.11148104760141458,,,,,,,,,,,,,,,
Pectoral fin spine,Acipenser gueldenstaedtii,L,6,7,0.053348272503928956,27.05334168606505,0.052178530644914844,0.029005144574635953,0.0413180823463514,0.06972742834220957,-0.19992448228661136,-0.4858051593078677,-0.22317622232098072,0.10624013108717958,-0.10128847253370529,-0.5032029897848286,-0.30005178354583173,0.16221695320671484,0.26644190536295675,0.05581762307757236,0.05093951549367989,0.18073066446337618,0.03435708905432448,0.2254274346387339,0.15730068329235214,0.274556278038731,0.10719164615609338,,,,,,,,,,,,,,,
Pectoral fin spine,Acipenser gueldenstaedtii,L,7,7,0.11516846234325022,46.93104768992796,0.028939484210872758,0.044232564209202435,0.034108945721347275,0.09014199321196943,-0.19062885107174096,-0.4835067802260313,-0.19704053112826136,0.0861032965227701,-0.10503269955812262,-0.5349780794149332,-0.30518663363497545,0.1869528941916322,0.2542068893223492,0.08885746328476296,0.03316435391718084,0.17510569292968253,0.05905873335118641,0.19486299075631858,0.18362455086832075,0.21756342733879436,0.13945029519767507,,,,,,,,,,,,,,,
Pectoral fin spine,Acipenser gueldenstaedtii,R,1,7,0.1084448386532284,17.81641634525638,0.007398506679837541,0.04555232924768836,0.026562772650036752,0.048085817576830496,-0.18762248571881357,-0.42253555925306113,-0.27628065488194875,0.09346258720926354,-0.14281082542044396,-0.48949105420166883,-0.3140815632827303,0.132110706329581,0.27998613191642363,0.04431041335774988,0.0571440402528871,0.21413022233861428,0.04357949549106745,0.225994422538207,0.2161710305719116,0.27479922369577503,0.12353444290279307,,,,,,,,,,,,,,,
Pectoral fin spine,Acipenser gueldenstaedtii,R,2,7,0.09009719694112991,13.139390961870085,0.03393320282567432,-0.007962375519988681,0.03993597380204783,0.08244221461804478,-0.18783809371145443,-0.46514271414555985,-0.24470992416100712,0.11783251563908187,-0.11814842548864707,-0.4930634847076233,-0.2821981665974779,0.16981379693189594,0.2944763817010711,0.06509511367420293,0.0403925315608304,0.1903340400338688,-0.0015630014013228173,0.23170997454389977,0.1365875696899705,0.29663400791695993,0.10143886279553364,,,,,,,,,,,,,,,
Pectoral fin spine,Acipenser gueldenstaedtii,R,3,7,0.09820999429243239,16.69904269788685,0.011897802580746528,0.0034518546253444727,0.046914459963654044,0.0707390454720044,-0.18462886508344994,-0.44269174981327175,-0.25797837364045284,0.11875153994278989,-0.1059079659468084,-0.4957600822973267,-0.3063440992697661,0.138932875314608,0.28715216994287945,0.04238750525424858,0.05367568627010846,0.20557832694227915,0.026540813182932565,0.23261883499855643,0.1783711109998701,0.29984125134790096,0.07645785921315314,,,,,,,,,,,,,,,
Pectoral fin spine,Acipenser gueldenstaedtii,R,4,7,0.05401877114895623,15.17018373905395,0.04801443676281367,0.04918831981006326,0.049374848500972526,0.05323117766572533,-0.2150047476102995,-0.45832678069406274,-0.25108096229628873,0.11899806509507233,-0.1107144279925596,-0.48980735696077515,-0.3116915268294246,0.1369353162510455,0.28595788952625745,0.06834512855214415,0.04085657499996637,0.1760996592173894,0.022952778679429454,0.23181104671581462,0.1775851560848781,0.26721198230301485,0.11006342221882345,,,,,,,,,,,,,,,
Pectoral fin spine,Acipenser gueldenstaedtii,R,5,7,0.14464013846314203,22.593981793361383,0.03167106021264586,0.04363561173984091,0.024698497911506932,0.13155246896566777,-0.18284779862494407,-0.44386260969019303,-0.24893853948531441,0.10957499129431755,-0.05094729433513787,-0.5392443249025387,-0.28833809328260596,0.16320114071425804,0.2913862579763162,0.0344534979519348,0.0170186494331624,0.22425517140073917,0.011564997081072854,0.20352321973035611,0.10931790583248412,0.2719567938403842,0.08636839623604707,,,,,,,,,,,,,,,
Pectoral fin spine,Acipenser gueldenstaedtii,R,6,7,0.08552093110747036,26.46901202064537,0.019046836595107138,0.05946664805293954,0.04102544225991346,0.09555080701282882,-0.1826176150089917,-0.47667894094136215,-0.24345366937325155,0.09830336724639731,-0.09962468056115757,-0.49380312553913064,-0.3017013994094403,0.16939249752468777,0.2689790670072021,0.01708533807991327,0.03311933169501703,0.1758957611656052,0.02914348600772284,0.24127610412558692,0.1777843231316387,0.28032017503145895,0.0914902458973143,,,,,,,,,,,,,,,
Pectoral fin spine,Acipenser gueldenstaedtii,R,7,7,0.13947320511647632,45.993911650950174,0.04848841715121761,0.03607390360012835,0.019793483383209853,0.11300543915436956,-0.18184394991151645,-0.5054711833808775,-0.1943077228205123,0.09873839543903748,-0.10742751041223052,-0.526152471381311,-0.29065536822233645,0.22114212623755966,0.2501231593394482,0.08612140336832795,0.03146262828568621,0.15661075786944836,0.04168278139697709,0.20847582288549033,0.1522324206873393,0.2098828343293822,0.13202463300116188,,,,,,,,,,,,,,,
Pectoral fin spine,Acipenser gueldenstaedtii,R,8,7,0.11627900972697526,39.788839571196526,0.04230649036717529,0.06310278713576133,0.019344875091588467,0.09781869686020138,-0.16919008351907477,-0.49279278010617966,-0.21385095259508227,0.10170114506738513,-0.1326222301909631,-0.49767641663886314,-0.2992050003014694,0.21807574751614361,0.26749636082281353,0.0590240992590606,0.035371260989210604,0.14323638554671142,0.006302527140510291,0.2562713562800268,0.16066943563704442,0.2382645252178264,0.09635177042017302,,,,,,,,,,,,,,,
Pectoral fin spine,Acipenser ruthenus,L,1,7,0.1528068053766699,25.567849741211457,0.02769210132038741,0.06291527633160178,0.04080442854365385,0.04705248471158004,-0.26265879123931224,-0.5075164243973386,-0.269202886884497,0.13931573972841543,-0.11952707383845118,-0.40222112431254836,-0.26487058322070317,0.13499328832925,0.29364106993326655,0.05735436834787398,0.03447279384392896,0.16317160964399402,-0.01195767881409254,0.26441162618906355,0.1398667455878171,0.279901668866216,0.15236136132989306,,,,,,,,,,,,,,,
Pectoral fin spine,Acipenser ruthenus,L,3,7,0.1037894796696495,19.382102248824513,0.024322135795383424,0.04379905063673726,0.03162877514742777,0.053549613405981925,-0.20581436470454012,-0.4800513027020267,-0.2451274210239317,0.0907084853957688,-0.13318615635604664,-0.4539672035330575,-0.27191875381339337,0.1586385437230704,0.30060487423013804,0.05851793569414716,0.04304641353463269,0.17087375500052415,-0.03093864508122266,0.25904321212924286,0.1497442461249618,0.31564629187250437,0.12088051452369983,,,,,,,,,,,,,,,
Pectoral fin spine,Acipenser ruthenus,L,4,7,0.0824999624091621,21.70938360653258,0.048816762379799504,0.04920296174657265,0.03557152765442972,0.08036047516926254,-0.17068474879666717,-0.47768396628276777,-0.2343999004111274,0.08209533164476432,-0.14923830865199644,-0.507141763508659,-0.28753623979638987,0.19566679547197507,0.27449332316731684,0.0470834460653257,0.06129068556398657,0.1969742233988076,0.020837856952103273,0.21542054365410945,0.14089687980460003,0.2590013921842911,0.11897272259026342,,,,,,,,,,,,,,,
Pectoral fin spine,Acipenser ruthenus,L,5,7,0.1333361570779475,19.30391971363553,-0.03451084563342564,0.0031246972810455562,-0.03206832140083503,0.07615684555052112,-0.20118371350172481,-0.4585294515582117,-0.2261205656313918,0.13187931446093737,-0.13197274576935958,-0.47016477326085054,-0.27959513335962793,0.183707832370481,0.30896317968750164,0.08668525197929831,0.047787016838258076,0.2052156368954677,-0.01136107673197247,0.24792554234742012,0.14046052239217777,0.27045065987204353,0.14315012717224695,,,,,,,,,,,,,,,
Pectoral fin spine,Acipenser ruthenus,R,1,7,0.16430353738712772,26.191315975247434,0.0028943300483706704,0.07093544092398632,0.040544870642664536,0.03161223943484592,-0.2812873091935039,-0.5007358063647207,-0.26651079374074144,0.131003467592367,-0.1099546482720126,-0.39979590584335645,-0.2704922304643656,0.11258963913108719,0.294709153263819,0.07329109358831631,0.04532616783914171,0.16575060557375756,-0.003018927129505193,0.23968451466583923,0.17134037126330465,0.2795684646827042,0.1725452623580004,,,,,,,,,,,,,,,
Pectoral fin spine,Acipenser ruthenus,R,3,7,0.10100332285632643,19.47582862983885,0.04061211555611011,0.04356477779442463,0.043274666771861224,0.02874759905647783,-0.20395487916062308,-0.46536391948143696,-0.23161630876730782,0.07681578874814833,-0.1326720873015104,-0.4846652651425382,-0.27515282001562114,0.13890302181149447,0.3319651295283771,0.05745906596381952,0.05668924466585234,0.20682754368924036,0.005150810689832666,0.23028700954061812,0.10812918607964017,0.2961172559800202,0.12888206399312113,,,,,,,,,,,,,,,
Pectoral fin spine,Acipenser ruthenus,R,4,7,0.09006035557137114,22.059371885704103,0.019290417076492,0.02230204546671286,0.03547103311748346,0.04623392205089656,-0.1889621124411245,-0.4706740636489756,-0.25121520445313006,0.07466223694523696,-0.14310392358438312,-0.49276798949987566,-0.27255356627188915,0.15089549728576176,0.3052927329314773,0.08247415834973966,0.07296001156263633,0.22731460015034105,0.03540297482852574,0.23318843872506026,0.1458515217437993,0.2466742631227975,0.12126300654241674,,,,,,,,,,,,,,,
Pectoral fin spine,Acipenser ruthenus,R,5,7,0.17797703006123675,16.438559276491457,0.00029362105787634113,0.0011084719535721722,0.02747392437831401,0.07621320029924271,-0.1867947263540276,-0.49730500594395877,-0.20373712394440704,0.1203133830283242,-0.16447395683331542,-0.43517631020235,-0.26796835691225607,0.21738014573148254,0.30940920292427454,0.055113299591853085,0.01894238079422383,0.11511908161323717,-0.038007627305866966,0.26111111321043484,0.13787832825212637,0.31623555599840086,0.1368713986628201,,,,,,,,,,,,,,,
Pectoral fin spine,Acipenser stellatus,L,103,7,0.15047116207170058,18.831106419415402,0.04438800111704409,-0.004718805571825364,-0.009554268550776497,0.04427932999846974,-0.2064951934255597,-0.4910843372540626,-0.2109750816328738,0.11636346056696997,-0.10313458924018447,-0.5051623043399166,-0.30181746300037243,0.16633764884740285,0.28907811662663907,0.11052546947378053,0.09332664869192847,0.16990432081642554,0.09372420930534144,0.2091409123948119,0.1684876174142114,0.19241832265166534,0.1349679851108803,,,,,,,,,,,,,,,
Pectoral fin spine,Bester,L,1,7,0.10030958557862282,19.408931996978435,0.013690597785186998,0.07748641237689802,0.06574989430055579,0.08836416594415812,-0.20780469105039376,-0.49818604522426696,-0.27433341922403803,0.0720952970600642,-0.12613623921294542,-0.4680568622258703,-0.2611052897098942,0.16409402352999272,0.2844561485840567,0.05084952856747476,0.04984685443874536,0.19386311101482248,0.008273437545083764,0.20959524861541792,0.16201625812168355,0.26020530521076657,0.13503626355250026,,,,,,,,,,,,,,,
Pectoral fin spine,Bester,L,2,7,0.1130376948632419,17.055988075597252,0.03330160733795833,0.05210321570273469,0.06651843129585853,0.034848054997436005,-0.22781960213212285,-0.5028395942232285,-0.24416848675669847,0.08108746733475412,-0.10790277588558274,-0.4678211129924624,-0.2617500142588365,0.12127340798110965,0.2971420991137733,0.06414745350312862,0.0817221412950967,0.23176996006272066,0.019631242261384244,0.2295512633858117,0.11492787823727242,0.27260023758895674,0.11167712615093445,,,,,,,,,,,,,,,
Pectoral fin spine,Bester,R,1,7,0.2846068885067333,19.946302456622824,0.025566878788977544,0.0699107052398004,0.0360729074470713,0.07309500407734143,-0.22006872731989127,-0.4737274041868684,-0.2571989103026692,0.11172051181606366,-0.12215440184135955,-0.474358808943011,-0.291101951562192,0.15686141262825265,0.1966854134748802,-0.0009183832006361825,0.2076914315835938,0.282816356110471,0.058854497594320876,0.04557533212306515,0.15339406679400971,0.2716033474325339,0.1496807222462449,,,,,,,,,,,,,,,
Pectoral fin spine,Bester,R,2,7,0.07030259782620465,16.995717790815032,0.026729448340596512,0.07121324729479625,0.03792611439583072,0.0501103193604635,-0.21915737480475783,-0.49980710823176216,-0.19926956790493136,0.10511053425436213,-0.12036877963689324,-0.4802687583805811,-0.292811055978269,0.1668836290221109,0.2991482572230451,0.053010392666657705,0.05401515808620324,0.1807888117781743,0.017934692894859536,0.2269827832537718,0.12276148958323371,0.2646995636723524,0.13436820311073908,,,,,,,,,,,,,,,
Pectoral fin spine,Huso huso,L,1,7,0.10127339925810828,23.239599212447462,0.015754346070389117,0.06200348348184723,0.0212552358720544,0.06128826353672058,-0.19368032565327223,-0.45517196283174255,-0.1824349142962317,0.11817860391547357,-0.11255763255309321,-0.5193457065245956,-0.3387438372789163,0.1731094975541246,0.28917391649242136,0.06369689525524307,0.01946971233890639,0.15080588835114667,0.05055080961629284,0.23126182923770822,0.18475820637014947,0.23799437066333276,0.12263332038204224,,,,,,,,,,,,,,,
Pectoral fin spine,Huso huso,L,2,7,0.16011364315368876,17.334587296314815,0.01731429680569267,0.11843533116296225,0.015615939651017548,0.035113176031256736,-0.2508393421206009,-0.4672999843149625,-0.15251998629131663,0.14202076922243453,-0.10640888746570623,-0.4997132782797541,-0.35249235518378835,0.15645920963405432,0.2601151205577739,0.0836181769940497,0.03875389997078853,0.158373882081314,0.040827928935158436,0.19516930149400175,0.18131678909503338,0.21842949098978384,0.1677105210308064,,,,,,,,,,,,,,,
Pectoral fin spine,Huso huso,L,3,7,0.11324309544384276,21.087879093686986,0.029714021425971952,0.11397882793178984,0.04448308924242096,0.0631676029087933,-0.19538388799376435,-0.4643078338352376,-0.17164856407418547,0.10448434569263287,-0.10374913804636957,-0.5322497023522117,-0.33762935857312487,0.17171602962400034,0.27687269040968415,0.059601312959148056,0.053110107546236414,0.18287381430748004,0.01741848380044356,0.21174554778981983,0.15127013737446768,0.23753027618287462,0.08700219767912953,,,,,,,,,,,,,,,
Pectoral fin spine,Huso huso,L,4,7,0.16630168268747988,19.834453194874488,0.02097266688690602,0.08609442275255852,0.032187742510975156,0.042336130307513445,-0.18281516504290626,-0.440808771159801,-0.13356557237660857,0.1359224121212687,-0.1183158673086335,-0.5430045659511012,-0.373901539862534,0.17619707569662402,0.28221897919891925,0.06385715269442532,0.04224514891705946,0.16192104149071498,0.06071227878114774,0.2243010817134329,0.16912132044365596,0.21013043855604027,0.08419358963034264,,,,,,,,,,,,,,,
Pectoral fin spine,Huso huso,R,1,7,0.10398540456561196,24.128916989192742,0.0489125034020547,0.07761001890992014,0.05240486881035202,0.0559990275049341,-0.2135758221760174,-0.4747635014081884,-0.17031151320895235,0.11248660562830136,-0.10456825562432308,-0.5227754134282889,-0.3270183723287985,0.16737042293544804,0.2753630411599493,0.09591081580208471,0.022705511656324086,0.15410696392172796,0.016307062853729775,0.22130411411573048,0.15870539064857567,0.23827969131078,0.11554683951465708,,,,,,,,,,,,,,,
Pectoral fin spine,Huso huso,R,2,7,0.18169490047392226,17.92572590625375,0.010006155754842759,0.16342998252171312,0.01585580448672466,0.014207694432824885,-0.2420135335486688,-0.44554992664510246,-0.184641643036102,0.11516748238428495,-0.13447761308425268,-0.4900951709598843,-0.3548968074802402,0.14167858144021878,0.2662047536242056,0.09707941753419959,0.06556262166938961,0.17286090320707667,0.023626699378970478,0.20589271202340817,0.21145730697703666,0.19760675920974208,0.15103782010961417,,,,,,,,,,,,,,,
Pectoral fin spine,Huso huso,R,3,7,0.13583305381186614,22.1121171491855,-0.008846198310585767,0.0982621638961009,0.012625119977398989,0.020178591731245206,-0.18746078043842065,-0.4221151921244178,-0.2167787886598197,0.08214575877922296,-0.16302854499557698,-0.49993109231421745,-0.338956500384733,0.1484093862288635,0.2937258954059011,0.07349556653782893,0.05928573362382687,0.18629458320044168,0.03721001351923185,0.23353130961569032,0.2253570089470348,0.23530377809076838,0.13129218767421513,,,,,,,,,,,,,,,
Pectoral fin spine,Huso huso,R,4,7,0.11551871539845245,21.059829283386424,0.0033711814341279194,0.0924139339766136,0.015139208942203672,0.06261138184137925,-0.20587628413091036,-0.4604840746976329,-0.16916742612637028,0.122229331857033,-0.10965233802087895,-0.5231601614272591,-0.34529133684307955,0.17549948732359466,0.2691444148675506,0.059009038981908124,0.0488481449397412,0.1787751179170743,0.049704690185653,0.20016992258313054,0.17842549149349715,0.2278106259727828,0.13047964892984149,,,,,,,,,,,,,,,
Pectoral fin spine,Sevbel,L,1,7,0.16925747678957986,25.447313116238185,0.0759246281289104,0.0001364617875868924,0.009730329977970856,-0.0011586540552279857,-0.20609623173830416,-0.37955072703199694,-0.2579608512267387,0.1305979595941899,-0.1623760068376159,-0.49384522568124917,-0.3222098672044034,0.11289615411865878,0.2906415940541192,0.10956628472416623,0.05667135455054701,0.21768971116737976,-0.01207869210693115,0.23472291155035543,0.1687087976128066,0.30008408494369543,0.1279059836720808,,,,,,,,,,,,,,,
Pectoral fin spine,Sevbel,R,1,7,0.15517061537963048,25.020352132522696,0.08343277991015187,0.0007520042002848483,0.05941541099841748,0.0889224089314458,-0.17928618147890887,-0.5217206167735091,-0.17941541226034466,0.10683647253079896,-0.10276443595816008,-0.5119785413853568,-0.2795410310772899,0.20306832593430954,0.24270067755814864,0.06549105531548227,0.06108094385525325,0.175066496954277,0.009114080247620136,0.2275482173269605,0.10127159029167769,0.27663360026201306,0.07337215461672851,,,,,,,,,,,,,,,
Posttemporal,Acipenser baerii,L,1,8,0.20659107188641826,48.38878749818065,-0.5433546480178839,-0.013012915513458559,-0.08289960045123024,0.3315644478177519,-0.29163779862430494,0.05865878399480951,0.46731471729362917,-0.10741628721167132,-0.01122835613460044,0.1099633409887949,0.23615121263058325,-0.12307011159994415,-0.0348410244528129,0.17133182076915382,-0.06631639279512863,0.05577280008959336,0.15533367651939228,0.07652379401000901,-0.2579662362937638,-0.04147055208073149,0.14652432566622697,-0.12845339742530887,-0.10927915648896283,0.00180755730985794,,,,,,,,,,,,
Posttemporal,Acipenser baerii,R,1,8,0.28356010420272154,42.59991740478631,-0.5401708480168351,-0.04197475658429102,-0.05511242893690534,0.14378687922936653,-0.3018168730650787,0.07816467838509883,0.5358404872887728,-0.028058351231593767,-0.03536916273349224,0.14455986293138123,0.2687671812920665,-0.14200008175386725,-0.02618993312593605,0.15759555160684793,-0.07555528310543055,0.07341501099826918,0.1616249255679791,0.09309029443208848,-0.24885740460545436,-0.09287702017145937,0.13831078165610727,-0.08238405469956374,-0.12326065741447088,-0.0015287979435992236,,,,,,,,,,,,
Posttemporal,Acipenser gueldenstaedtii,L,1,8,0.2209258344795259,31.475529918334892,-0.552974439871214,-0.002884391187919118,-0.05464656743102777,0.24372053505228403,-0.31233313354835696,0.07094643353985007,0.5244653067970694,-0.033465100874754905,-0.010936215928572222,0.12673632762983378,0.21651996829451137,-0.1404192258179452,-0.03086066979123708,0.14402271196188451,-0.07690829627423779,0.061332621789974,0.13155559278225717,0.09116826568552815,-0.2475104055961391,-0.09758842598488651,0.15394596578032343,-0.1249092760105712,-0.04582722144273558,-0.033150359553918755,,,,,,,,,,,,
Posttemporal,Acipenser gueldenstaedtii,L,2,8,0.2221773967654584,25.110453895417844,-0.565811992134964,0.0037515040130502945,-0.07139768933342817,0.2970184844069597,-0.34705437169111264,0.1153806054837576,0.47631875051693245,-0.031111138893475773,-0.03131976824993071,0.1165582444656144,0.1963165854908007,-0.134541273559006,-0.08450213238657756,0.1517943606292403,-0.10199831326302919,0.07503727645258822,0.118184565687423,0.16737781333042046,-0.1672554110231125,-0.07035621901438616,0.09462301320562433,-0.14736322029744073,-0.021525286221539718,-0.03812438761440824,,,,,,,,,,,,
Posttemporal,Acipenser gueldenstaedtii,L,3,8,0.19407120148192283,33.91745839031808,-0.5709551662598327,-0.009466462616508176,-0.06500844164404013,0.3674090702230649,-0.3040429850739112,0.07910506392324151,0.46087288168486407,-0.10057940708626226,0.00032848793804849134,0.1058733867450781,0.20593135464204435,-0.12489877593126836,-0.05288080931805647,0.15996847477296502,-0.08522097906302958,0.05093229030264291,0.10996117594895931,0.13218444112979363,-0.1792560912752485,-0.027480002302632714,0.0919978434720844,-0.18199556210251247,-0.03429214828465426,-0.028487639824830047,,,,,,,,,,,,
Posttemporal,Acipenser gueldenstaedtii,L,4,8,0.27023145920997155,25.816831180787396,-0.4880586937036211,0.04810515468183763,-0.07542540315446801,0.2211247262093549,-0.2935275252608574,0.11188051858849289,0.5532334621647149,-0.034629278770262485,-0.06705349174448619,0.14791363415668232,0.21694132078159814,-0.18792191778503964,-0.05426667382890011,0.16744902414790072,-0.11006835412413218,-0.014414792877798758,0.0977341483770199,0.18063075351087063,-0.21574887238067417,-0.1156430118363272,0.1184008001917295,-0.14978278973975792,-0.08642983212090932,0.029557094517033023,,,,,,,,,,,,
Posttemporal,Acipenser gueldenstaedtii,L,5,8,0.2156052788838244,50.45580824717126,-0.5366341581369651,-0.022629718948254166,-0.06342903181907383,0.25192023698299026,-0.317676892471914,0.10852146358715427,0.5070672348042015,-0.04121320066276609,-0.055924231331019175,0.11699373783945205,0.22268447788866427,-0.116003631615131,-0.016489561937669737,0.16220795765274423,-0.09394882955313733,0.07294803362097661,0.1336201587901298,0.13385203118285205,-0.25585734173965324,-0.056024680808789355,0.13735331904571385,-0.13994818143333249,-0.08096810143981466,-0.05042108949735886,,,,,,,,,,,,
Posttemporal,Acipenser gueldenstaedtii,L,6,8,0.18793618482311145,53.19474088179029,-0.5202751906628637,0.0044614245020010235,-0.07304859657964845,0.35042227968224654,-0.32404137064289484,0.09148200313348225,0.5025375480801844,-0.0847057387049562,-0.04133913973896912,0.09303222941316211,0.1809602732675911,-0.12402932811940973,0.0013072249118445552,0.17254598512116145,-0.07358818732048614,-0.015236980324699436,0.12107783888212229,0.11008880305754784,-0.23182583198766815,-0.041663427379693606,0.13457008470464815,-0.17996127911220627,-0.02863498504533121,-0.024135639137164835,,,,,,,,,,,,
Posttemporal,Acipenser gueldenstaedtii,L,7,8,0.24830105990966858,84.65237289027608,-0.49077424806606934,0.08059850917683858,-0.04216841737433578,0.37019884482220455,-0.3217700641772584,0.10239013083274613,0.4834749591170199,-0.07673278755286038,-0.02161328463778184,0.07098720489709,0.1925679540734688,-0.17346881502939054,-0.037734771905854524,0.13212373561456647,-0.07787027835032553,0.009966664140729893,0.1439239291603355,0.19328426589344988,-0.23451496554917875,-0.1062293738559626,0.06659680639324116,-0.17160368745594193,-0.04448190243912811,-0.04715040772760342,,,,,,,,,,,,
Posttemporal,Acipenser gueldenstaedtii,L,8,8,0.266577510877986,81.97213129426848,-0.5637449147221522,0.022388699379821422,-0.01280946435953084,0.25753695107109853,-0.3107092517246364,0.13357530536586,0.5262590384389599,-0.020836250609319554,-0.03724300970739665,0.11449069511692536,0.2086196601298485,-0.1491273876907596,-0.022219169964497312,0.14460017238033576,-0.0899068077737666,0.050191926416825655,0.0745842034950768,0.1609467805261097,-0.20643587350943865,-0.10284979964226591,0.02801227577703793,-0.15607865284772132,-0.015797433408860542,-0.033447692137554004,,,,,,,,,,,,
Posttemporal,Acipenser gueldenstaedtii,R,1,8,0.23494685758181358,31.162833776361538,-0.5290558883156966,-0.013115757027115834,-0.0830645034307528,0.23943012914820597,-0.3098233106780815,0.09591888742901379,0.5075130231598746,-0.024164082412940692,-0.051416348178513,0.16113563340243242,0.22322286665751442,-0.14398664634733438,-0.05706319445478826,0.15537885250052585,-0.1078269316851713,0.06316330606679764,0.09815867301201305,0.12973718723381975,-0.2542533956914893,-0.07472440033147687,0.18139062150284435,-0.13086961331533653,-0.054932841720438524,-0.020752266523906382,,,,,,,,,,,,
Posttemporal,Acipenser gueldenstaedtii,R,2,8,0.2258870112029675,25.77275640779393,-0.5417111434650558,-0.004806700272669764,-0.10558525752938444,0.2832755600942119,-0.3520158347901594,0.0774841423907594,0.48834506077142564,-0.028381517522095275,-0.01828320949840716,0.07600815244979872,0.19122518288369686,-0.13716045274720348,-0.047479874188796796,0.11614357367357016,-0.10580217350310522,0.0928871207146288,0.1410819885778162,0.16116143898918386,-0.20461605305945368,-0.05743378950291413,0.1825271167577847,-0.1467088233167589,-0.0058129030472446825,-0.05434160485962771,,,,,,,,,,,,
Posttemporal,Acipenser gueldenstaedtii,R,3,8,0.2062254673719093,33.737205374465205,-0.5684522852830672,-0.013040822015187638,-0.06911865017278404,0.2888077737399719,-0.31801222216050484,0.08367213872799716,0.4915230376763545,-0.04341596645214213,-0.015220605055233042,0.13706725331568798,0.22691715987451624,-0.1279470006193563,-0.05130006731212814,0.145305629007754,-0.08388352124657485,0.06833140469388727,0.09705865509316099,0.1188469710364248,-0.1912777754553114,-0.02426997483703946,0.1303641548988188,-0.17469934137539517,-0.07054245851055715,-0.036713487569292644,,,,,,,,,,,,
Posttemporal,Acipenser gueldenstaedtii,R,4,8,0.20175284649362085,26.376648778301956,-0.5304381566458598,0.01810523829260739,-0.07352245027956142,0.27671754108081037,-0.2957195919879742,0.0924281036672237,0.5346786224397374,-0.06227451150574205,-0.03928976007014149,0.12791461283298242,0.22137129130901068,-0.16189814436690222,-0.040075879579866254,0.1568024689605582,-0.10684673239922371,-0.005371759126878889,0.0688715453701128,0.15380023052775552,-0.2087705279562837,-0.04990281680229744,0.13471151987099986,-0.15465445304464148,-0.05725362363627527,0.0006172330498497188,,,,,,,,,,,,
Posttemporal,Acipenser gueldenstaedtii,R,5,8,0.19285203991946614,50.404353960533044,-0.5249181536913495,0.002627860038198391,-0.040469220059388605,0.26573659142907585,-0.3001758723367504,0.07832601633243205,0.5483020419963729,-0.07569253334464726,-0.011911672723423552,0.078648254010632,0.22538293955629282,-0.12733203759727918,-0.013332655134295391,0.150224003893725,-0.0906087401716006,0.05503052108623217,0.12835183034842393,0.11891033551284808,-0.2543611460143035,-0.06512536084586094,0.1129888330197066,-0.15510545368236378,-0.0655928673093817,-0.03990351431329468,,,,,,,,,,,,
Posttemporal,Acipenser gueldenstaedtii,R,6,8,0.2609453625254868,51.801203678886154,-0.46133461211244026,-0.010739592357697881,-0.037384527812440886,0.24089731060480807,-0.27182323757688703,0.10496781148822412,0.553519056651742,-0.05565846647667743,-0.07331012342064999,0.19197239359472687,0.20635029231447818,-0.14756245516716607,-0.02040833168874002,0.16010294916674467,-0.10232035080212265,-0.008832990511934905,0.10235383005305325,0.13708311012014504,-0.29603521773045727,-0.11024831419284054,0.14187733271564634,-0.19977760880770434,-0.020337460930173266,-0.02335079712163591,,,,,,,,,,,,
Posttemporal,Acipenser gueldenstaedtii,R,7,8,0.19343349904854912,77.7025454438463,-0.4586330020037726,-0.005850550201673582,-0.0732732212610277,0.2874149743721142,-0.3264506312907965,0.0570096718044116,0.5080398306241082,-0.07818436564527424,-0.007029866798273517,0.09550834723226978,0.2293174039226914,-0.20113076060801258,-0.03245749573339244,0.12218210881055566,-0.0825614161867988,0.04200703560384466,0.16080213655133618,0.19454146316685314,-0.25770505875693245,-0.08413335683098316,0.16365746512226328,-0.18417463133823894,-0.017682745315855796,-0.05121333523941545,,,,,,,,,,,,
Posttemporal,Acipenser gueldenstaedtii,R,8,8,0.2378650791298145,79.37485915460644,-0.5537916151319465,0.0011434837551919093,-0.016032053249989763,0.2774824341266237,-0.33280996945413455,0.11910900286443239,0.4952571951324485,-0.030874930100743048,-0.022719433610164524,0.1265235035295407,0.23076655323675654,-0.135123165295451,-0.024790747150268404,0.137155712316111,-0.07036937108919004,0.07385133874860512,0.1332915621551599,0.12155410794106707,-0.21094782585244756,-0.11186658864817357,0.04068991950610141,-0.18358428340255553,-0.02680582326016821,-0.037109007066805526,,,,,,,,,,,,
Posttemporal,Acipenser ruthenus,L,2,8,0.23075379236439228,31.339833527251237,-0.5177081986892234,0.044921967212621504,-0.07731279718557733,0.39226410796389494,-0.2798438321420211,0.09516177976481954,0.47765113468762105,-0.11365099662827495,-0.04867001533598908,0.15115468235142235,0.21757737407506184,-0.13361396610927243,-0.08065742281724439,0.13095013201034192,-0.08853491658763997,-0.048784592239278016,0.07518434250348026,0.1187269700857288,-0.2315229948383454,-0.02937079919295082,0.14392920003568216,-0.1423967164188472,-0.04576818783825887,-0.009686254667751642,,,,,,,,,,,,
Posttemporal,Acipenser ruthenus,L,3,8,0.25314715476582683,40.21264553848183,-0.47906774082692677,0.08435309380747452,-0.03297088062321813,0.3717343284359177,-0.2568446957307871,0.06490896112463918,0.5363667464040376,-0.13534417627975326,-9.813936797602872e-05,0.08979236324737629,0.21747455390923484,-0.17234820701739942,-0.05779463746451382,0.1423636437998371,-0.09330893796192463,-0.07176229920419679,0.048550252710356484,0.14958173946809944,-0.24344832120781246,-0.03818315053877847,0.11705590140667249,-0.14582043938388156,-0.06236952167758417,-0.03282043702889288,,,,,,,,,,,,
Posttemporal,Acipenser ruthenus,L,4,8,0.18708689850349178,37.005359094420804,-0.5046625330506558,0.0016316275189130478,-0.05675908292613732,0.34721973729057615,-0.29808618142184595,0.07412651163374263,0.49347265526825773,-0.11164945544054432,-0.030896234476085176,0.13849247150262342,0.2092614012480303,-0.17254569510725903,-0.05239622876524743,0.1640315460044381,-0.11199631151525406,-0.0695218426636634,0.08242405936570824,0.18752812035331176,-0.22132099371620403,-0.02840471851273912,0.14190060540881247,-0.13128326586568664,-0.01920827876196018,-0.031357913371131266,,,,,,,,,,,,
Posttemporal,Acipenser ruthenus,R,2,8,0.5018598563382385,31.713860523184334,-0.5134833978723377,0.08929263166167556,-0.050002309058632725,0.43614544612565603,-0.257933711848043,0.05855195365370958,0.4772125141112325,-0.1417577912519697,-0.014435246181782952,0.1547464792818769,0.1573688340076684,-0.1468714074523148,-0.1653645841756063,-0.04695136031334422,0.01844937210898215,-0.23629044281585063,0.02157326515826839,0.14331280223692613,-0.041226266062201145,0.09810168955130133,0.06738610433811053,-0.11173974859276967,0.08030644303444333,-0.07639126964499794,,,,,,,,,,,,
Posttemporal,Acipenser ruthenus,R,3,8,0.262191937778161,41.55496928426501,-0.4688303084620335,0.07828729662167236,-0.03903849388850725,0.40330547340514467,-0.26027729434792435,0.058815727690190125,0.5166374872433442,-0.14262068112525017,-0.00013582526093899427,0.08274063571864862,0.21091606330671947,-0.1701897763935496,-0.044234068391475076,0.11145547768955509,-0.10504832472670635,-0.06721245430665523,0.06015051258026308,0.16829925548802283,-0.2569276010377132,-0.03569243218823117,0.11536928999253451,-0.1654791641692607,-0.0222189425368045,-0.028071852901045167,,,,,,,,,,,,
Posttemporal,Acipenser ruthenus,R,4,8,0.22299702721247971,35.41518521951991,-0.5166431205085862,0.020141889613652552,-0.06106833523643553,0.36259909682110036,-0.3512959396856097,0.12023252325691174,0.43069244428692155,-0.0670068031243854,-0.049480935119573376,0.11875576617467982,0.23501174588645188,-0.17863576972534823,-0.012435521934536327,0.18081361376569735,-0.12213308382966673,-0.0526461729493352,0.07988616705705696,0.18668161478852285,-0.1895006345054897,-0.0661025947268101,0.11386860917038,-0.14082185738475445,-0.031448078786053636,-0.009464623304790724,,,,,,,,,,,,
Posttemporal,Acipenser stellatus,L,1,8,0.23680039954426074,49.21706627395773,-0.5123808120613227,0.01689434865516674,-0.07046631469267688,0.4052805424980983,-0.30522593303190615,0.10585973291490544,0.44678153687796196,-0.09797972245591687,-0.060563434981427834,0.1137719850013139,0.17955211406087535,-0.14856545020345277,0.007200932130265151,0.15527262873639355,-0.08979415955947156,-0.047264868582504456,0.09875960746243553,0.16395424507904977,-0.2520801439502525,-0.05393323041648074,0.13606750063265277,-0.16130917191355967,0.0066601869894326845,-0.03649211918957892,,,,,,,,,,,,
Posttemporal,Acipenser stellatus,L,102,8,0.22056778709977015,57.783388183772196,-0.4997226513470355,0.04073437901037882,-0.07861278908076913,0.3713031779484123,-0.29028538747927124,0.07547071290742452,0.4978749360047989,-0.1072980060547278,-0.009552006605633484,0.08231986453947267,0.1864385356566003,-0.1364050404335854,-0.05105069561828875,0.14572718530799422,-0.07454471689784405,0.050422702386740806,0.13733949816878913,0.10178477307961004,-0.26287037123935775,-0.09923833699767362,0.13780076394758603,-0.18827696267474225,-0.013417867612089941,-0.015941696916788567,,,,,,,,,,,,
Posttemporal,Acipenser stellatus,L,103,8,0.23718164372254089,44.76981121247196,-0.46713651836693704,0.05494017396555572,-0.0411368148872139,0.3822948283083084,-0.34287366986786616,0.1366150761167628,0.4588500942687467,-0.09199225396498181,-0.05315829030927816,0.06632676263109119,0.22743008323846714,-0.16925896019625553,-0.008379643224023616,0.16559107675621984,-0.11192909618199917,-0.03754966274227857,0.10076096234260394,0.18861817583249627,-0.23884467878404253,-0.09725099961314146,0.0910528874408738,-0.15556118209086428,-0.01660537285685718,-0.04080297781538606,,,,,,,,,,,,
Posttemporal,Acipenser stellatus,L,116,8,0.29848620167197004,60.15325208365,-0.5426597755225557,0.08642897754532855,-0.047671444503607344,0.4351630801657129,-0.28243290489927675,0.12555285217219775,0.4181930803439799,-0.08834551759801773,-0.026688276161886033,0.09598970903920831,0.20767740325232073,-0.12895383141741268,-0.031332473819662116,0.146842997256365,-0.06817006497796099,0.043692035565212776,0.08481653645927122,0.10232924020046535,-0.2449181606866616,-0.10331099665590915,0.08154219827252937,-0.17412749508523448,-0.05167649536008184,-0.03794067358432541,,,,,,,,,,,,
Posttemporal,Acipenser stellatus,R,5,8,0.2315991543891563,47.69190859150923,-0.5127664221181667,0.023090571857026235,-0.04153952377098277,0.39680151907946715,-0.2828716173381008,0.1122528459130269,0.4590914204227489,-0.11576528897868973,-0.05330097524714095,0.1285342614139107,0.1990442878318722,-0.15595219978627478,-0.009470263060791984,0.1606110402486331,-0.08664787398495108,-0.05505047433177733,0.08960373235246448,0.15920281187503668,-0.25501055898723785,-0.0788469706912194,0.10675813243379555,-0.15212948241815283,0.005134244718013984,-0.04077321743250951,,,,,,,,,,,,
Posttemporal,Acipenser stellatus,R,102,8,0.24757327560785208,55.86975032722218,-0.5184422696100172,0.025205000682753616,-0.0768472295521377,0.3961726964353272,-0.3021282162830401,0.10620269836846193,0.43969864945099496,-0.08455371413031353,-0.038252683475041974,0.1123904008932325,0.1864404813904913,-0.13138794360371273,-0.033960258474982206,0.1264715767138064,-0.07142714387523336,0.06222880050665329,0.14215337086124866,0.1297826459435822,-0.25860125968908776,-0.10351280480729574,0.12625450497774462,-0.1994867595121212,0.009924305572349697,-0.04432484878366293,,,,,,,,,,,,
Posttemporal,Acipenser stellatus,R,103,8,0.2320147954814604,45.05712593583358,-0.5212436717079372,0.06451072188790626,-0.050242929283654446,0.3322300110058049,-0.3304693972009285,0.12156559289057699,0.5253064874405824,-0.06834937362708532,-0.03810327056676906,0.052544512069010625,0.19806393861000934,-0.1755173933747718,-0.01023160926602848,0.12583028914906355,-0.04837031060110464,-0.027233237657279627,0.10170738963312653,0.15542573672505933,-0.20463828478991555,-0.09008023806946144,0.07559332417124882,-0.14673420709423712,-0.001213330382630477,-0.040350749960585186,,,,,,,,,,,,
Posttemporal,Bester,L,1,8,0.4171159207762014,33.63897715808387,-0.38331205233172566,-0.211065353354846,-0.015377056713906032,0.11441490241180649,-0.40099018554459154,0.031187616413671314,0.4860771546858376,-0.22177230765222464,0.06447624960726649,0.03606669601990935,0.3947160635634519,-0.09200657085801263,-0.10878379724107111,0.194515907847121,-0.062267205558448724,-0.039553581723556684,0.2876699900047321,-0.017567954909861586,-0.02465414960564461,-0.05310110789683217,0.15961396073235437,-0.08025517221555539,0.010026993033189543,-0.06805903871306311,,,,,,,,,,,,
Posttemporal,Bester,L,2,8,0.4467461104191504,32.37557576336165,-0.3650161359052197,-0.27964463418304764,-0.04052069696265029,0.20773706333511038,-0.2974401379021324,-0.008438004948361864,0.40684325750125083,-0.3414785746852072,0.07260571960402636,0.07456852016703971,0.4022899830055312,-0.1116644879111665,-0.10806497656580183,0.23162765937233826,-0.05440967591179839,-0.054676005624991544,0.25127668939922176,0.006626442326654524,-0.06402524780927517,0.017177142440013123,0.19065125640765362,-0.09736647509811272,0.016191872553282954,-0.05485055260435743,,,,,,,,,,,,
Posttemporal,Bester,R,1,8,0.5685848617452237,39.64239287004669,-0.26357162532276535,-0.22978693476698206,-0.0023909125879246107,0.11268897747173856,-0.42199773553847464,0.050004446424669835,0.601016007944387,-0.16156825904151212,0.015573673336543635,-0.03702351835960849,0.34856550379476703,-0.10787299824629147,-0.10753273807356054,0.01177908327421223,-0.036191415165325265,-0.040500568107810615,0.020546639112294093,0.09580002543432516,-0.1330347303958533,0.26569831880971506,0.03979524297123477,-0.13204180515652725,0.16676338435598037,-0.0547180621672322,,,,,,,,,,,,
Posttemporal,Bester,R,2,8,0.5146542627933619,32.894749612059215,-0.3827287064773683,-0.3483611074611199,-0.06693424602878183,0.11612612311480172,-0.319222625369512,-0.028850356208583606,0.42373389982715254,-0.3076506551471356,0.06502858434212021,0.037598601948658,0.35740593344640925,-0.07052477597708827,-0.07379316563965069,0.2198092893984542,-0.05133647725865494,-0.02664206196576161,0.2953060100705322,0.0016342747486434708,-0.02615694799203088,0.06298071517980783,0.2026188195698043,-0.06813774281580069,0.03973243988256407,-0.051635823187459344,,,,,,,,,,,,
Posttemporal,Huso huso,L,1,8,0.7139142733306004,35.61845807924538,-0.1495625190532795,-0.31841375142223105,-0.01032327638395692,0.005263548977017115,-0.24404602402750708,-0.09423452663363109,0.5156141044743666,-0.40488959991580137,0.12756009612700425,-0.033908639140779843,0.3646667865815927,-0.11176341753470019,-0.15090491603615902,0.20406298816606233,-0.03612113881449501,-0.13903174089963366,0.27549033522006205,0.01858162024791481,0.021059745401850984,0.07868377795597926,0.18494188272629625,-0.06852958372338264,0.04444548744184301,-0.07864123973443202,,,,,,,,,,,,
Posttemporal,Huso huso,L,2,8,0.6221295257480078,30.251436955794603,-0.23845621113231408,-0.3610868955028243,-0.023451988620653594,0.20896448003240478,-0.2883953714246963,-0.021251505088709228,0.34408613840255514,-0.43969515473193654,0.08943935729045291,-0.03445116807134984,0.3810282677668797,-0.11720631667287093,-0.12428493521735728,0.2654471795362862,-0.06338207081141048,-0.06479011435501596,0.26329593904210086,0.09418476508718904,-0.027739391848049636,0.09239555032300667,0.09501807136630075,-0.06332879781087317,0.0870104849911836,-0.053350312550298415,,,,,,,,,,,,
Posttemporal,Huso huso,L,3,8,0.7126920155268044,32.488958077684394,-0.17826072920415972,-0.38931952409891507,0.02299801938320903,-0.010971929175055467,-0.2751981133172515,-0.047086445637612225,0.4368186962735055,-0.3917537292654781,0.09451235560497438,0.00791765753440466,0.4137003340840098,-0.11457845979404309,-0.13305958166402404,0.2471529498963264,-0.06702986577642354,-0.11045076416128302,0.29328220941653466,0.06059286412772073,0.016176856497473836,0.058074903985622414,0.087276199501638,-0.028170206100861545,0.04406096929915127,-0.03668466740946326,,,,,,,,,,,,
Posttemporal,Huso huso,R,2,8,0.5236348401147118,31.183400058664603,-0.3017567898114008,-0.30566083757375284,-0.07091216603874156,0.28385334459260775,-0.4943561859988912,0.027572861612164802,0.29040795736632596,-0.253767177889734,0.031994404651462846,-5.108476854934425e-05,0.3407568213207691,-0.07776342178670438,-0.0847110915662512,0.244598310786758,-0.04442688633518563,-0.060561140579322596,0.3033561128712453,0.025533984571723543,-0.04726883034050565,0.10905193270358164,0.14897010303586822,-0.07991236489290421,0.05602102378002393,-0.04096887971058783,,,,,,,,,,,,
Posttemporal,Huso huso,R,3,8,0.6128762664208758,34.6123210462436,-0.2400447321606659,-0.3306788658229702,0.0020221234324925307,0.1597842019797009,-0.31661815420316985,0.002592005314893587,0.35285051430983466,-0.41019758524362115,0.09507980880462981,-0.0540189443757597,0.4041226856683243,-0.13637346739154424,-0.1357442637833253,0.27261612227866533,-0.06781701827834904,-0.03859682601920519,0.3049744995662519,0.11092201506408376,-0.015155259011673135,0.008231081819243724,0.07003352681360987,-0.029074690938906213,0.06755021593727596,-0.07645899375981632,,,,,,,,,,,,
Posttemporal,Huso huso,R,4,8,0.6389461031698022,35.28697840587563,-0.19344173637240508,-0.37762899526848165,-0.036606916728603646,0.13520156379585158,-0.37835741806266,-0.05446116708891373,0.3898203401413004,-0.35670107516594707,0.09329300444140912,-0.0284148667020508,0.36522464344767225,-0.09979991468908148,-0.10776193468745701,0.2386027553109928,-0.03411918620227916,-0.07974083005333862,0.3044114678951402,0.020163884844317203,-0.03790548861785699,0.12485672777692225,0.14907922347844854,-0.07775704750404357,0.07959189406636127,-0.03754892805529677,,,,,,,,,,,,
Posttemporal,Sevbel,L,1,8,0.2650894129321344,49.26009114058691,-0.4481047105264693,-0.09547096023743944,-0.05784786912337234,0.2895858513131126,-0.3848198309564457,0.16485515797144543,0.38247589665763976,-0.14014869629971027,-0.05141097885215178,0.08939144741264266,0.30781703959968704,-0.21123548619563903,-0.07262239630087472,0.25399202292206124,-0.11004063471943466,-0.02179169988282345,0.12943396186463568,0.2117423906883619,-0.1129406034265035,-0.12875933394441774,0.13266155073331445,-0.105993785246724,0.05795579705162931,-0.07872413050252394,,,,,,,,,,,,
Posttemporal,Sevbel,R,1,8,0.26092202355967675,48.33699519749486,-0.45905760314545935,-0.13738235968783677,-0.08929051073877517,0.27306627625723906,-0.43714581315861495,0.1363780578296002,0.3724581393265543,-0.12976368403161204,-0.028152853923325224,0.03565980314172458,0.3123651128361662,-0.16302352523559904,-0.06674044459005808,0.25733849521255964,-0.10347036863929523,0.05660145565098514,0.19487918410595342,0.15314011423036428,-0.11054702907649662,-0.08297562830639264,0.1366449108956905,-0.10144059756448896,0.022684693029777186,-0.04222582441866031,,,,,,,,,,,,
